Wnt3,Fzd6
Wnt3,Egfr
Wnt3,Fzd2
Wnt3,Lrp5
Wnt3,Fzd1
Wnt3,Fzd3
Wnt3,Fzd8
Wnt3,Ror1
Wnt3,Lrp6
Wnt3,Ror2
Wnt3,Fzd5
Wnt3,Fzd7
Wnt9a,Egfr
Wnt9a,Fzd7
Wnt9a,Fzd9
Wnt9a,Fzd4
Fgf23,Fgfr1
Fgf23,Fgfr4
Fgf23,Fgfr2
Fgf23,Fgfr3
Fgf23,Kl
Fgf6,Fgfr1
Fgf6,Fgfr4
Fgf6,Fgfr2
Fgf6,Fgfr3
Ccl2,Ccr4
Ccl2,Ccr2
Ccl2,Ackr1
Ccl2,Ackr2
Ccl12,Ccr4
Ccl12,Ccr2
Cdh1,Egfr
Cdh1,Fgfr1
Cdh1,Itgb7
Cdh1,Ptprj
Cdh1,Itgae
Cdh1,Ptprm
Cdh1,Igf1r
Cdh1,Klrg1
Ccl11,Ccr2
Ccl11,Ackr2
Ccl11,Ccr5
Ccl11,Cxcr3
Ccl11,Ccr3
Ccl11,Ackr4
Pdgfb,Lrp1
Pdgfb,Pdgfra
Pdgfb,Pdgfrb
Fasl,Fas
Il4,Il4ra
Il4,Il2ra
Il4,Tlr2
Il4,Il2rg
Il4,Il13ra1
Il4,Il13ra2
Ccl3,Ackr2
Ccl3,Ccr5
Ccl3,Ccr3
Ccl3,Ccr1
Icam4,Itgav
Icam4,Itgam
S100a4,Egfr
S100a4,Erbb2
Icam2,Itgam
Icam2,Itgal
Icam2,Itgb2
Efnb2,Ephb2
Efnb2,Epha3
Efnb2,Epha4
Efnb2,Ephb3
Efnb2,Epha7
Efnb2,Ephb4
Efnb2,Epha6
Efnb2,Ephb6
Efnb2,Ephb1
Sost,Lrp5
Sost,Lrp6
Col1a1,Itgb1
Col1a1,Cd44
Col1a1,Cd93
Il16,Grin2c
Il16,Kcnj4
Il16,Grin2d
Il16,Kcna3
Il16,Kcnd2
Il16,Kcnj15
Il16,Kcnd1
Il16,Cd4
Il16,Kcnj10
Angptl4,Gpihbp1
Bmp8b,Acvr2b
Bmp8b,Bmpr1b
Bmp8b,Acvr2a
Bmp8b,Tgfbr2
Bmp8b,Bmpr2
Bmp8b,Bmpr1a
Tgfb1,Itgb1
Tgfb1,Tgfbr2
Tgfb1,Tgfbr1
Tgfb1,Eng
Tgfb1,Sdc2
Tgfb1,Tgfbr3
Tgfb1,Itgb8
Tgfb1,Acvrl1
Shh,Cdon
Shh,Pvr
Shh,Ptch1
Shh,Lrp2
Shh,Hhip
Shh,Gpc1
Shh,Gpc6
Shh,Cav1
Shh,Gas1
Shh,Ptch2
Shh,Smo
Pspn,Gfra4
Pspn,Ret
Lamb1,Itgb1
Lamb1,Itga6
Efna2,Epha3
Efna2,Epha4
Efna2,Epha7
Efna2,Epha6
Efna2,Epha10
Efna2,Epha8
Efna2,Epha1
Efna2,Epha2
Efna2,Epha5
Ebi3,Il6st
Ebi3,Il27ra
Comp,Itgav
Comp,Notch1
Comp,Notch3
Comp,Cd47
Comp,Itga7
Comp,Cd36
Tgfb3,Tgfbr2
Tgfb3,Tgfbr1
Tgfb3,Eng
Tgfb3,Tgfbr3
Tgfb3,Acvr1
Gdf15,Egfr
Gdf15,Tgfbr2
Gdf15,Tgfbr1
Gdf15,Ret
Gdf15,Gfral
Calr,Lrp1
Calr,Scarf1
Calr,Mpl
Efnb3,Ephb2
Efnb3,Epha4
Efnb3,Ephb3
Efnb3,Ephb6
Efnb3,Ephb1
Sst,Sstr3
Sst,Sstr2
Sst,Sstr4
Sst,Sstr5
Sst,Sstr1
Pgf,Egfr
Pgf,Flt1
Pgf,Nrp1
Pgf,Nrp2
Ccl24,Ccr2
Ccl24,Ackr2
Ccl24,Ccr3
Zp3,Egfr
Zp3,Zp3r
Shbg,Gprc6a
App,Lrp6
App,Lrp1
App,Lrp2
App,Cav1
App,Notch1
App,Cd47
App,Cd74
App,Trpc6
App,Dcc
App,Lrp8
App,Sorcs1
App,Lrp4
App,Casr
App,Tspan12
App,Notch2
App,Lrp10
App,Gpr3
App,Tspan15
App,Fpr2
App,Tnfrsf21
App,Vldlr
App,Adra2a
App,Sorl1
App,Drd3
App,Ngfr
App,Ncstn
Agrp,Mc5r
Agrp,Mc3r
Agrp,Sdc3
Tnfsf14,Fas
Tnfsf14,Ltbr
Tnfsf14,Tnfrsf14
Trh,Trhr
Prl7a2,Prlr
Prl8a9,Prlr
Prl8a1,Prlr
Wnt10a,Fzd10
Bmp7,Acvr2b
Bmp7,Bmpr1b
Bmp7,Acvr2a
Bmp7,Bmpr2
Bmp7,Bmpr1a
Bmp7,Acvr1
Bmp7,Acvrl1
Ccl8,Ccr2
Ccl8,Ccr5
Ccl8,Ccr3
Ccl8,Ccr1
Ccl8,Ccr8
Rarres2,Ccrl2
Timp1,Lrp1
Timp1,Itgb1
Timp1,Cd63
Wnt3a,Fzd6
Wnt3a,Fzd2
Wnt3a,Lrp5
Wnt3a,Fzd1
Wnt3a,Fzd3
Wnt3a,Fzd8
Wnt3a,Lrp6
Wnt3a,Fzd5
Wnt3a,Fzd7
Wnt3a,Fzd4
Wnt3a,Igf1r
Wnt3a,Ptk7
Wnt3a,Apcdd1
Psen2,Notch2
Wnt2,Fzd2
Wnt2,Lrp5
Wnt2,Fzd1
Wnt2,Fzd3
Wnt2,Fzd8
Wnt2,Fzd5
Wnt2,Fzd7
Wnt2,Fzd9
Wnt2,Fzd4
Bmp5,Bmpr1b
Bmp5,Bmpr2
Bmp5,Bmpr1a
Wnt8a,Fzd1
Wnt8a,Lrp6
Wnt8a,Fzd5
Wnt8a,Fzd7
Wnt8a,Fzd4
Wnt8a,Ptk7
Plg,Lrp2
Plg,Plgrkt
Plg,Igf2r
Plg,Itgb2
Plg,Plaur
Csf1,Csf1r
Csf1,Flt4
Ceacam16,Tectb
Ceacam16,Tecta
Dll1,Notch1
Dll1,Notch3
Dll1,Notch2
Dll1,Notch4
Mmp13,Lrp1
Lama5,Itgb4
Lama5,Bcam
Hspa8,Aqp2
Cd34,Sell
Cd274,Pdcd1
Cd274,Cd80
Lnx2,Cd8a
Lnx2,Cxadr
Il10,Il10ra
Il10,Il10rb
Prl5a1,Prlr
Pyy,Npy5r
Pyy,Npy1r
Pyy,Dpp4
Ppy,Npy2r
Vtn,Itgav
Vtn,Itgb5
Vtn,Itga8
Vtn,Plaur
Igfbp4,Lrp6
Ada,Dpp4
Ada,Adora2b
Ada,Adora1
Mmp9,Lrp1
Mmp9,Ephb2
Mmp9,Cd44
Mmp9,Tlr9
Mmp9,Tlr4
Mmp9,Itgb2
Prl3c1,Prlr
Mfng,Notch1
Gdf9,Bmpr1b
Gdf9,Acvr2a
Gdf9,Bmpr2
Gdf9,Bmpr1a
Gdf9,Tgfbr1
Gdf9,Acvr1c
Gdf9,Acvr1b
Wnt9b,Lrp5
Wnt9b,Lrp6
Wnt9b,Fzd5
Tnfsf13,Tnfrsf17
Tnfsf13,Tnfrsf13b
Il3,Il4ra
Il3,Il2ra
Il3,Csf2rb2
Il3,Il3ra
Csf2,Sdc2
Csf2,Csf1r
Csf2,Csf2rb
Csf2,Csf2ra
Csf2,Csf3r
Cxcl16,Cxcr6
Ccl6,Ccr1
Ccl4,Ackr2
Ccl4,Ccr5
Ccl4,Ccr3
Ccl4,Ccr1
Ccl4,Ccr8
Ccl9,Ccr1
Calm3,Grm7
Calm3,Scn10a
Calm3,Scn4a
Calm3,Trpc5
Calm3,Kcnq3
Calm3,Adcy8
Calm3,Mylk
Icam5,Itgal
Icam5,Itgb2
Cd70,Cd27
Sema6a,Plxna4
Sema6a,Plxna2
Vip,Dpp4
Vip,Npr3
Vip,Ramp2
Vip,Vipr1
Vip,Adcyap1r1
Vip,Ramp1
Vip,Ramp3
Vip,Vipr2
Lama4,Itgb1
Nts,Sort1
Nts,Ntsr1
Nts,Ntsr2
Nts,Ngfr
Ccn2,Egfr
Ccn2,Lrp6
Ccn2,Fgfr2
Ccn2,Lrp1
Ccn2,Itgam
Ccn2,Itga5
Ccn2,Ntrk1
Hsp90b1,Lrp6
Hsp90b1,Lrp1
Hsp90b1,Tlr2
Hsp90b1,Tlr9
Hsp90b1,Tlr4
Hsp90b1,Pparg
Fgf18,Fgfr1
Fgf18,Fgfr4
Fgf18,Fgfr2
Fgf18,Fgfr3
Madcam1,Itgb7
Madcam1,Itga4
Fgf22,Fgfr1
Fgf22,Fgfr2
Il13,Il4ra
Il13,Il13ra1
Il13,Il13ra2
Pomc,Mc5r
Pomc,Mc3r
Pomc,Mc2r
Pomc,Mc4r
Pomc,Oprm1
Pomc,Mc1r
Pomc,Oprd1
Ccl7,Ccr2
Ccl7,Ccr5
Ccl7,Cxcr3
Ccl7,Ccr3
Ccl7,Ccr1
Ccl7,Ccr10
Tac4,Tacr1
Gng4,Kcnj6
Prl7d1,Prlr
Prl2c5,Prlr
Prl4a1,Prlr
Edn1,Ednrb
Edn1,Kel
Edn1,Ednra
Sema4d,Erbb2
Sema4d,Plxna2
Sema4d,Cd72
Sema4d,Plxnb1
Sema4d,Met
Sema4d,Plxnb2
Cxcl14,Cxcr4
Il9,Il9r
Thbs4,Notch1
Fgf10,Fgfr1
Fgf10,Fgfr2
Fgf10,Fgfr3
Nid2,Col13a1
Plau,Lrp1
Plau,Lrp2
Plau,Igf2r
Plau,Mrc2
Plau,Itgb2
Plau,Plaur
Vcl,Alk
Arf4,Lrp2
Fgf9,Fgfr1
Fgf9,Fgfr4
Fgf9,Fgfr2
Fgf9,Fgfr3
Tnfsf11,Lgr4
Tnfsf11,Tnfrsf11b
Tnfsf11,Itga2b
Tnfsf11,Tnfrsf11a
Clu,Lrp2
Clu,Lrp8
Clu,Vldlr
Adam2,Itgb7
Adam2,Itgb1
Adam2,Itga6
Adam2,Cd9
Adam2,Itga9
Fgf17,Fgfr1
Fgf17,Fgfr4
Fgf17,Fgfr2
Fgf17,Fgfr3
Gdnf,Gfra4
Gdnf,Ret
Gdnf,Sorl1
Gdnf,Sdc3
Gdnf,Gfra3
Gdnf,Gfra1
Gdnf,Gfra2
Angpt1,Itga5
Angpt1,Tek
Col2a1,Itgav
Col2a1,Itga2b
Col2a1,Itga2
Col2a1,Itga1
Col2a1,Mag
Pla2g10,Pla2r1
Ahsg,Insr
Hrg,Erbb2
Hrg,Erbb3
Adipoq,Adipor1
Adipoq,Adipor2
Prl2a1,Prlr
Pros1,Tyro3
Pros1,Axl
Pros1,Mertk
Wnt10b,Fzd6
Wnt10b,Fzd8
Wnt10b,Lrp6
Wnt10b,Fzd5
Wnt10b,Fzd7
Wnt10b,Fzd4
Wnt1,Fzd6
Wnt1,Lrp5
Wnt1,Fzd1
Wnt1,Fzd8
Wnt1,Lrp6
Wnt1,Fzd5
Wnt1,Fzd7
Wnt1,Fzd9
Wnt1,Fzd10
Npff,Npffr2
Npff,Npffr1
Cxcl13,Cxcr3
Cxcl13,Ackr4
Cxcl13,Cxcr5
Ccl25,Ackr2
Ccl25,Ackr4
Ccl25,Ccr9
Guca2a,Gucy2c
Bmp15,Bmpr1b
Bmp15,Bmpr2
Bmp15,Bmpr1a
Bmp15,Tgfbr1
Bmp15,Acvr1c
Bmp15,Acvr1b
Gnb3,Kcnj6
Crisp2,Catsper1
Tff2,Muc6
Ntn3,Dcc
Ntn3,Neo1
C3,Lrp1
C3,Itgam
C3,Cd46
C3,Cd55
C3,C3ar1
C3,Cr2
C3,C5ar2
C3,Cd19
C3,Cd81
C3,Itgb2
Tslp,Crlf2
Tslp,Il7r
Apom,Lrp2
Ltb,Ltbr
Ltb,Tnfrsf1a
Ltb,Cd40
Tnf,Tnfrsf1a
Tnf,Rhbdf2
Tnf,Tnfrsf1b
Tnf,Cd40
Lta,Ltbr
Lta,Tnfrsf14
Lta,Tnfrsf1a
Lta,Tnfrsf1b
Hbegf,Egfr
Hbegf,Erbb2
Hbegf,Cd9
Hbegf,Erbb3
Hbegf,Erbb4
Scgb1a1,Lrp2
Anxa1,Fpr2
Anxa1,Fpr1
Anxa1,Dysf
Il33,Il1rl1
Il33,Il1rap
Il33,Kit
Dkk1,Lrp5
Dkk1,Lrp6
Dkk1,Kremen2
Dkk1,Kremen1
Gal,Gpr151
Gal,Galr1
Gal,Galr2
Vegfb,Flt1
Vegfb,Nrp1
Rbp4,Stra6
Slit1,Gpc1
Slit1,Robo2
Slit1,Plxna1
Slit1,Flrt3
Slit1,Robo1
Sema4g,Plxnb2
Fgf8,Fgfr1
Fgf8,Fgfr4
Fgf8,Fgfr2
Fgf8,Fgfr3
Fgf8,Fgfrl1
Gdf11,Acvr2b
Gdf11,Acvr2a
Gdf11,Tgfbr1
Gdf11,Acvr1c
Gdf11,Acvr1b
Il23a,Il23r
Il23a,Il12rb1
Inhbc,Acvr2b
Inhbc,Acvr2a
Hras,Tlr2
Hras,Grin2d
Hras,Cav1
Hras,Tlr9
Podxl,Sell
Nmb,Brs3
Nmb,Nmbr
Il6,Egfr
Il6,Il6st
Il6,Il6ra
Il17a,Il17rd
Il17a,Il17rc
Il17a,Il17ra
Ctla4,Cd80
Mstn,Acvr2b
Mstn,Acvr2a
Mstn,Tgfbr1
Mstn,Acvr1b
Nppc,Npr3
Nppc,Npr1
Nppc,Npr2
Il20,Il20rb
Il20,Il22ra1
Il20,Il20ra
Lamc2,Itgb1
Lamc2,Itga6
Lamc2,Itgb4
Lamc2,Itga3
Xcl1,Xcr1
Angptl1,Tek
Tnfsf4,Traf2
Tnfsf4,Tnfrsf4
Cel,Cxcr4
Hc,C5ar2
Hc,C5ar1
Il1f6,Il1rap
Il1f6,Il1rl2
Il1f8,Il1rap
Il1f8,Il1rl2
Il1f8,Il1f5
Fshb,Fshr
Lin7c,Abca1
Lin7c,Htr2c
Mdk,Lrp6
Mdk,Lrp1
Mdk,Itgb1
Mdk,Alk
Mdk,Ptprz1
F2,Itga2b
F2,Thbd
F2,F2rl2
F2,F2rl1
Jag1,Notch1
Jag1,Notch3
Jag1,Notch2
Jag1,Notch4
Oxt,Avpr2
Oxt,Oxtr
Spint1,St14
Bmp2,Acvr2b
Bmp2,Bmpr1b
Bmp2,Acvr2a
Bmp2,Bmpr2
Bmp2,Bmpr1a
Bmp2,Tgfbr3
Bmp2,Acvr1
Bmp2,Hjv
Il1b,Il1rap
Il1b,Il1r1
Il1b,Il1r2
Il1a,Il1rap
Il1a,Il1r1
Il1a,Il1r2
Cst3,Lrp2
Angpt4,Tek
Edn3,Ednrb
Edn3,Kel
Edn3,Ednra
a,Mc1r
a,Atrn
Ghrh,Vipr1
Ghrh,Ghrhr
Il21,Il2rg
Il21,Il21r
Il2,Il2ra
Il2,Il2rg
Il2,Il2rb
Il2,Ngfr
Wnt2b,Fzd4
Efna1,Epha3
Efna1,Epha4
Efna1,Epha7
Efna1,Epha6
Efna1,Epha10
Efna1,Epha8
Efna1,Epha1
Efna1,Epha2
Efna1,Epha5
Vcam1,Itgb7
Vcam1,Itgb1
Vcam1,Itga4
Vcam1,Itga9
Vcam1,Itgb2
Sfrp2,Fzd5
Pdgfc,Pdgfra
Pdgfc,Pdgfrb
Pdgfc,Flt4
Egf,Egfr
Egf,Erbb2
Egf,Cd44
Egf,Cav1
Egf,Nrp1
Egf,Erbb3
Egf,Erbb4
Dkk2,Lrp6
Efna3,Erbb2
Efna3,Epha3
Efna3,Epha4
Efna3,Epha7
Efna3,Epha6
Efna3,Ephb1
Efna3,Epha10
Efna3,Epha8
Efna3,Epha1
Efna3,Epha2
Efna3,Epha5
Efna4,Epha3
Efna4,Epha4
Efna4,Epha7
Efna4,Epha6
Efna4,Epha10
Efna4,Epha8
Efna4,Epha1
Efna4,Epha2
Efna4,Epha5
Adam15,Itgav
Adam15,Itgb1
Adam15,Itga9
Sema4a,Nrp1
Sema4a,Plxnb1
Sema4a,Plxnb2
Sema4a,Plxnd1
Ccn1,Tlr2
Ccn1,Itgav
Ccn1,Itgam
Ccn1,Itgb2
Tnfsf8,Tnfrsf8
Tln1,Itgal
Tln1,Itgb1
Tln1,Itgb2
Col9a2,Mag
Edn2,Ednrb
Edn2,Kel
Edn2,Ednra
Sema3c,Nrp1
Sema3c,Nrp2
Sema3c,Plxna4
Sema3c,Plxnb1
Sema3c,Plxnd1
Hgf,Itgb1
Hgf,Cd44
Hgf,Sdc2
Hgf,Nrp1
Hgf,Nrp2
Hgf,Plxnb1
Hgf,Met
Rspo1,Lrp6
Rspo1,Lgr4
Rspo1,Lgr6
Rspo1,Znrf3
Rspo1,Lgr5
Sema3a,Nrp1
Sema3a,Nrp2
Sema3a,Plxna4
Sema3a,Plxna2
Sema3a,Plxna1
Uts2,Uts2r
Cort,Sstr3
Cort,Sstr2
Cort,Sstr4
Cort,Sstr5
Cort,Sstr1
Cort,Ghsr
Draxin,Dcc
Gnb1,Kcnj6
Nmu,Nmur2
Nmu,Nmur1
Bmp3,Acvr2b
Bmp3,Acvr2a
Fgf5,Fgfr1
Fgf5,Fgfr4
Fgf5,Fgfr2
Fgf5,Fgfr3
Cxcl5,Ackr1
Cxcl5,Cxcr2
Ppbp,Cxcr2
Ppbp,Cxcr1
Pf4,Fgfr2
Pf4,Cxcr3
Pf4,Lrp1
Pf4,Ccr1
Pf4,Thbd
Pf4,Procr
Areg,Egfr
Areg,Igf1r
Areg,Erbb2
Areg,Erbb3
Areg,Erbb4
Cxcl3,Cxcr3
Cxcl3,Cxcr2
Cxcl1,Ackr1
Cxcl1,Cxcr2
Cxcl1,Cxcr1
Il31,Il31ra
Il31,Osmr
Pla2g1b,Pla2r1
Col1a2,Itgb1
Col1a2,Cd44
Col1a2,Cd93
Col1a2,Itga2
Gng11,Kcnj6
Epo,Mpl
Epo,Epor
Gnb2,Kcnj6
Npy,Npy5r
Npy,Npy1r
Npy,Dpp4
Npy,Npy2r
Npy,Npy4r
Npy,Npy6r
Npy,Fap
Npvf,Npffr2
Npvf,Npffr1
Tgfa,Egfr
Tgfa,Erbb2
Tgfa,Erbb3
Tgfa,Erbb4
Bmp10,Bmpr1b
Bmp10,Bmpr2
Bmp10,Bmpr1a
Bmp10,Tgfbr1
Bmp10,Eng
Bmp10,Acvr1
Bmp10,Alk
Bmp10,Acvrl1
Prok2,Prokr2
Prok2,Prokr1
Wnt7a,Lrp5
Wnt7a,Fzd1
Wnt7a,Fzd3
Wnt7a,Lrp6
Wnt7a,Fzd5
Wnt7a,Fzd7
Wnt7a,Fzd9
Wnt7a,Fzd4
Wnt7a,Lrp4
Wnt7a,Adgra2
Wnt7a,Celsr3
Wnt7a,Reck
Gdf3,Acvr2b
Gdf3,Acvr2a
Gdf3,Tgfbr1
Gdf3,Acvr1c
Gdf3,Acvr1b
Clec2d,Klrb1b
Rtn2,Rtn4r
Vasp,Itga4
Mfge8,Pdgfrb
Mfge8,Itgav
Mfge8,Itgb1
Mfge8,Itgb5
Mfge8,Itgb3
Calca,Calcrl
Calca,Calcr
Fgf21,Fgfr1
Fgf21,Fgfr2
Fgf21,Fgfr3
Fgf21,Klb
Izumo1,Cd9
Izumo1,Izumo1r
Hpx,Lrp1
Fgf15,Fgfr1
Fgf15,Fgfr4
Fgf15,Fgfr2
Fgf15,Fgfr3
Fgf15,Klb
Fadd,Fas
Fadd,Tnfrsf1a
Fadd,Tradd
Fadd,Tnfrsf10b
Cd40lg,Traf2
Cd40lg,Traf1
Cd40lg,Cd40
Cd40lg,Traf3
Fgf13,Fgfr1
Fgf13,Fgfr4
Fgf13,Fgfr2
Fgf13,Fgfr3
Fgf13,Scn5a
F9,Lrp1
F8,Lrp1
F8,Ldlr
Fgf16,Fgfr1
Fgf16,Fgfr4
Fgf16,Fgfr2
Fgf16,Fgfr3
Bgn,Tlr2
Bgn,Cd44
Bgn,Tlr4
Bgn,P2rx7
Bgn,P2rx4
Vegfd,Fgfr2
Vegfd,Nrp2
Vegfd,Flt4
Vegfd,Itga9
Vegfd,Kdr
Angpt2,Itgav
Angpt2,Itgb1
Angpt2,Itga5
Angpt2,Tek
Angpt2,Itgb2
Tnfsf13b,Tnfrsf17
Tnfsf13b,Tnfrsf13c
Tnfsf13b,Tnfrsf13b
Col4a1,Itgb1
Col4a1,Cd93
Col4a2,Itgb1
Col4a2,Cd93
Vegfc,Itgb1
Vegfc,Nrp2
Vegfc,Flt4
Vegfc,Itga9
Vegfc,Kdr
Vegfc,Ccbe1
Plat,Lrp1
Plat,Itgam
Sfrp1,Fzd2
Fgf20,Fgfr1
Fgf20,Fgfr4
Fgf20,Fgfr2
Fgf20,Fgfr3
Il15,Il2ra
Il15,Il2rg
Il15,Il2rb
Il15,Il15ra
Il15,Il11ra1
Mmp2,Itgav
Mmp2,Itgb1
Mmp2,Sdc2
Mmp2,Itgb3
Cx3cl1,Itgav
Cx3cl1,Itgb1
Cx3cl1,Itga4
Cx3cl1,Cx3cr1
Cx3cl1,Itgb3
Ccl22,Ccr4
Ccl22,Ackr2
Ccl22,Dpp4
Ccl17,Ccr4
Ccl17,Ackr1
Ccl17,Ackr2
Ccl17,Ccr8
Insl3,Rxfp2
Insl3,Rxfp1
Jam3,Itgam
Jam3,Itgal
Jam3,Itgb1
Jam3,Itga4
Jam3,Itgb2
Apoc3,Lrp1
Apoc3,Gpihbp1
Apoc3,Ldlr
Apoa1,Lrp2
Apoa1,Abca1
Lipc,Lrp1
Lipc,Ldlr
Lipc,Scarb1
Ptgs2,Ptger4
Ptgs2,Ptger3
Ptgs2,Ptger2
Ptgs2,Ptger1
Tdgf1,Lrp5
Tdgf1,Lrp6
Tdgf1,Fzd7
Tdgf1,Acvr2b
Tdgf1,Acvr2a
Tdgf1,Tgfbr1
Tdgf1,Gpc1
Tdgf1,Acvr1c
Tdgf1,Acvr1b
Ucn,Crhr1
Ucn,Crhr2
Ntng2,Lrrc4c
Ntng2,Lrrc4
Avp,Avpr2
Avp,Oxtr
Avp,Avpr1a
Avp,Avpr1b
Lgals3bp,Itgb1
Apob,Lrp6
Apob,Lrp1
Apob,Lrp2
Apob,Cd36
Apob,Tlr4
Apob,Ldlr
Apob,Scarb1
Apob,Apobr
Apob,Mttp
Apob,Lsr
Wnt4,Fzd6
Wnt4,Fzd2
Wnt4,Fzd1
Wnt4,Fzd8
Wnt4,Lrp6
Wnt4,Fzd5
Wnt4,Fzd7
Wnt4,Fzd4
Wnt4,Fzd10
Wnt4,Musk
Fgg,Itgav
Fgg,Itga5
Fgg,Itga2b
Fgg,Itgb2
Galp,Galr1
Galp,Galr2
Fgf2,Fgfr1
Fgf2,Fgfr4
Fgf2,Fgfr2
Fgf2,Fgfr3
Fgf2,Itgav
Fgf2,Cd44
Fgf2,Sdc2
Fgf2,Notch1
Fgf2,Nrp1
Fgf2,Sdc3
Fgf2,Ptprz1
Fgf2,Kit
Fgf2,Fgfrl1
Fgf2,Sdc4
Fgf2,Sdc1
Fgf2,Itgb3
Fgf2,Lyve1
Fgf2,Gpc4
Csf3,Csf1r
Csf3,Csf3r
Bmp8a,Acvr2b
Bmp8a,Acvr2a
Bmp8a,Tgfbr2
Bmp8a,Bmpr2
Bmp8a,Bmpr1a
Bmp8a,Tgfbr1
Gdf7,Bmpr1b
Gdf7,Acvr2a
Gdf7,Bmpr2
Gdf7,Bmpr1a
Serpine1,Lrp1
Serpine1,Lrp2
Serpine1,Vldlr
Serpine1,Lrp1b
Serpine1,Plaur
Ccl5,Ccr4
Ccl5,Ackr1
Ccl5,Ackr2
Ccl5,Ccr5
Ccl5,Ccr3
Ccl5,Ackr4
Ccl5,Ccr1
Ccl5,Ccrl2
Ccl5,Gpr75
Nodal,Acvr2b
Nodal,Acvr2a
Nodal,Acvr1c
Nodal,Acvr1b
Npnt,Itgb1
Npnt,Itga8
Lman1,Mcfd2
Tnfsf10,Tnfrsf11b
Tnfsf10,Tnfrsf10b
Inha,Acvr2a
Tnfsf9,Traf2
Tnfsf9,Traf1
Tnfsf9,Tnfrsf9
Tnfsf9,Tmem126a
Pth2,Ramp1
Pth2,Pth2r
Mif,Cd44
Mif,Cd74
Mif,Cxcr4
Mif,Cxcr2
Mif,Ackr3
Spon1,Lrp8
Lefty1,Acvr2b
Lefty1,Acvr2a
Lefty1,Acvr1
Lefty1,Acvr1b
Sct,Sctr
Sct,Vipr2
Rspo4,Lgr4
Rspo4,Lgr6
Rspo4,Lgr5
Sema7a,Itgb1
Gng10,Kcnj6
Wnt8b,Lrp6
Wnt8b,Fzd7
Wnt8b,Fzd10
Wnt8b,Ptk7
Amh,Bmpr1a
Amh,Acvr1
Amh,Amhr2
Il5,Csf2rb
Il5,Il5ra
Tgfb2,Tgfbr2
Tgfb2,Tgfbr1
Tgfb2,Tgfbr3
Iapp,Ramp3
Iapp,Calcr
Lama1,Itgb1
Lama1,Itga7
Lama1,Itgb4
Lama1,Itga2
Lama1,Itga1
Pmch,Mchr1
Crp,Tlr4
Crp,Fcgr1
Crp,Olr1
Thbs1,Ptprj
Thbs1,Lrp1
Thbs1,Itgav
Thbs1,Itgb1
Thbs1,Itgb8
Thbs1,Cd47
Thbs1,Cd36
Thbs1,Vldlr
Thbs1,Itga5
Thbs1,Itga2
Thbs1,Itga1
Thbs1,Itga3
Thbs1,Sdc1
Thbs1,Itgb3
Thbs1,Itgb6
Thbs1,Scarb2
Inhbb,Acvr2b
Inhbb,Acvr2a
Inhbb,Acvr1c
Clcf1,Il6st
Clcf1,Cntfr
Clcf1,Crlf1
Fgf1,Fgfr1
Fgf1,Fgfr4
Fgf1,Fgfr2
Fgf1,Fgfr3
Fgf1,Cd44
Fgf1,Nrp1
Apln,Aplnr
Grn,Sort1
Grn,Tnfrsf1a
Grn,Tnfrsf1b
Nrtn,Ret
Nrtn,Sdc3
Nrtn,Gfra3
Nrtn,Gfra1
Nrtn,Gfra2
Prl3a1,Prlr
Gc,Lrp2
Il17f,Il17rc
Il17f,Il17ra
Cxcl10,Cxcr3
Cxcl10,Dpp4
Cxcl10,Tlr4
Cxcl10,Cxcr4
Cxcl10,Sdc4
Prl3b1,Prlr
Chad,Itgb1
Chad,Itga2
Inhba,Acvr2b
Inhba,Acvr2a
Inhba,Tgfbr1
Inhba,Tgfbr3
Inhba,Acvr1c
Inhba,Acvr1b
S100b,Fgfr1
S100b,Alcam
Gdf5,Ror2
Gdf5,Acvr2b
Gdf5,Bmpr1b
Gdf5,Acvr2a
Gdf5,Bmpr2
Gdf5,Acvr1
C1qa,Cd93
Calm2,Grm7
Calm2,Scn10a
Calm2,Scn4a
Calm2,Trpc5
Calm2,Kcnq3
Calm2,Adcy8
Calm2,Mylk
Calm2,Cacna1c
Ctf1,Il6st
Ucn3,Il10rb
Ucn3,Crhr1
Ucn3,Crhr2
Efnb1,Egfr
Efnb1,Ephb2
Efnb1,Epha4
Efnb1,Ephb3
Efnb1,Epha7
Efnb1,Ephb4
Efnb1,Epha6
Efnb1,Ephb6
Efnb1,Ephb1
Efnb1,Epha5
Rln3,Rxfp2
Rln3,Rxfp1
Rln3,Rxfp4
Rln3,Rxfp3
Col9a1,Mag
Nlgn2,Nrxn1
Nlgn2,Nrxn3
Nlgn2,Nrxn2
Il1f9,Il1rap
Il1f9,Il1rl2
Prl2c1,Prlr
Lcn2,Lrp2
Lcn2,Slc22a17
Inhbe,Acvr2b
Inhbe,Acvr2a
Pnoc,Oprl1
Fn1,Itgb7
Fn1,Itgb1
Fn1,Cd44
Fn1,Itga5
Fn1,Col13a1
Fn1,Itga2b
Fn1,Flrt2
Fn1,Itga3
Fn1,Cd79a
Fbln1,Itgb1
Il18,Il18r1
Il18,Il18bp
Il18,Il18rap
Il27,Il6st
Il27,Il27ra
Qrfp,Qrfpr
Pcsk9,Lrp1
Pcsk9,Lrp8
Pcsk9,Vldlr
Pcsk9,Sort1
Pcsk9,Ldlr
Pcsk9,Aplp2
Arf6,Pld1
Il17c,Il17re
Dscam,Dcc
Igf1,Igf1r
Igf1,Itgav
Igf1,Insr
Igf1,Itgb3
Cd14,Tlr2
Cd14,Itgb1
Cd14,Tlr9
Cd14,Tlr4
Cd14,Itga4
Cd14,Cd55
Cd14,C3ar1
Cd14,Itgb2
Cd14,Ly96
Cd14,Tlr3
Fgf4,Fgfr1
Fgf4,Fgfr4
Fgf4,Fgfr2
Fgf4,Fgfr3
Fgf4,Nrp1
Gnai2,Igf1r
Gnai2,Cav1
Gnai2,Oprd1
Gnai2,C5ar1
Gnai2,Adra2b
Gnai2,Drd2
Gnai2,Lhcgr
Gnai2,Mtnr1b
Gnai2,Cnr1
Hcrt,Hcrtr2
Hcrt,Hcrtr1
Cd24a,Selp
Bdnf,Sort1
Bdnf,Ntrk1
Bdnf,Ntrk2
Bdnf,Bex3
Bdnf,Ngfr
Bdnf,Insrr
Bdnf,Ntrk3
Bdnf,Sorcs2
S100a1,Tlr4
S100a1,Ryr1
S100a1,Ryr2
Nxph3,Nrxn1
Nxph3,Nrxn3
Nxph3,Nrxn2
Ucn2,Il10rb
Ucn2,Crhr1
Ucn2,Crhr2
Crh,Crhr1
Crh,Crhr2
Fat4,Dchs1
Gdf6,Bmpr1b
Gdf6,Acvr2a
Gdf6,Bmpr2
Gdf6,Bmpr1a
Adam10,Lrp1
Adam10,Itgav
Adam10,Erbb2
Adam10,Epha3
Adam10,Notch1
Adam10,Notch3
Adam10,Tspan15
Adam10,Il6ra
Adam10,Cadm1
Adam10,Axl
Adam10,Fcer2a
Adam10,Tspan17
Adam10,Tspan5
Adam10,Gpnmb
Adam10,Tspan14
Adam10,Tspan10
Artn,Ret
Artn,Sdc3
Artn,Gfra3
Artn,Gfra1
Artn,Gfra2
Adm2,Ramp3
Adm2,Calcrl
Wnt5a,Fzd6
Wnt5a,Fzd2
Wnt5a,Lrp5
Wnt5a,Fzd1
Wnt5a,Fzd3
Wnt5a,Fzd8
Wnt5a,Ror1
Wnt5a,Lrp6
Wnt5a,Ror2
Wnt5a,Fzd5
Wnt5a,Fzd7
Wnt5a,Fzd9
Wnt5a,Fzd4
Wnt5a,Notch1
Wnt5a,Ryk
Adam12,Itgb1
Adam12,Tgfbr2
Adam12,Epha1
Adam12,Itga9
Adam12,Sdc4
Amelx,Cd63
Amelx,Lamp1
Nlgn3,Nrxn1
Nlgn3,Nrxn3
Nlgn3,Nrxn2
Agt,Lrp2
Agt,Agtr1a
Agt,Agtr1b
Agt,Agtr2
Agt,Mas1
Slit3,Robo2
Slit3,Plxna1
Slit3,Robo3
Slit3,Robo1
Lep,Lrp2
Lep,Leprot
Lep,Lepr
Adcyap1,Dpp4
Adcyap1,Ramp2
Adcyap1,Vipr1
Adcyap1,Adcyap1r1
Adcyap1,Ramp3
Adcyap1,Adrb3
Adcyap1,Vipr2
Lif,Il6st
Lif,Lifr
Rspo2,Lgr4
Rspo2,Lgr6
Rspo2,Znrf3
Rspo2,Lgr5
Adam17,Itgb1
Adam17,Itga6
Adam17,Notch1
Adam17,Notch2
Adam17,Itga5
Adam17,Cd9
Adam17,Tnfrsf1a
Adam17,Rhbdf2
Adam17,Tnfrsf1b
Adam17,Erbb4
Adam17,Aplp2
Adam17,Ghr
Adam17,Nectin4
Adam17,Cd40
Adam17,Itgb6
Dmp1,Phex
Sema5a,Met
Sema5a,Plxna1
Sema5a,Plxnb3
Fgf7,Fgfr1
Fgf7,Fgfr2
Fgf7,Fgfr3
Fgf7,Nrp1
Cthrc1,Fzd6
Cthrc1,Fzd3
Cthrc1,Fzd5
Alkal2,Alk
Tg,Lrp2
Ntng1,Lrrc4c
Prl7c1,Prlr
Postn,Egfr
Postn,Itgav
Postn,Itgb1
Postn,Itga5
Postn,Itgb3
Cxcl12,Itgav
Cxcl12,Itgb1
Cxcl12,Dpp4
Cxcl12,Itga5
Cxcl12,Itga4
Cxcl12,Oprm1
Cxcl12,Oprd1
Cxcl12,Cxcr4
Cxcl12,Ackr3
Cxcl12,Agtr1a
Cxcl12,Avpr1a
Cxcl12,Itgb3
Cxcl12,Cmklr1
Cxcl12,Gpr17
Prl3d3,Prlr
Nrg1,Egfr
Nrg1,Erbb2
Nrg1,Erbb3
Nrg1,Erbb4
Sema3e,Nrp1
Sema3e,Plxna1
Sema3e,Plxnd1
Cxcl17,Gpr35
Bmp4,Bmpr1b
Bmp4,Acvr2a
Bmp4,Bmpr2
Bmp4,Bmpr1a
Bmp4,Hjv
Bmp4,Musk
Nlgn1,Nrxn1
Nlgn1,Nrxn3
Nlgn1,Nrxn2
Osm,Egfr
Osm,Il6st
Osm,Il11ra1
Osm,Lifr
Osm,Osmr
Cxcl2,Ackr1
Cxcl2,Cxcr2
Jag2,Notch1
Jag2,Notch3
Jag2,Notch2
Jag2,Notch4
Pdgfa,Pdgfra
Pdgfa,Pdgfrb
Itgb1bp1,Itgb1
Efna5,Ephb2
Efna5,Epha3
Efna5,Epha4
Efna5,Epha7
Efna5,Epha6
Efna5,Epha10
Efna5,Epha8
Efna5,Epha1
Efna5,Epha2
Efna5,Epha5
Gnb5,Kcnj6
Sftpd,Tlr4
Sftpd,Sirpa
Sftpd,Ly96
Gng8,Kcnj6
Pth,Lrp6
Pth,Ramp1
Pth,Pth1r
Pth,Pth2r
Gnas,Ptgdr
Gnas,Htr6
Gnas,Pth1r
Gnas,Lhcgr
Gnas,Gcgr
Sema3f,Nrp1
Sema3f,Nrp2
Sema3f,Plxna3
Prl7b1,Prlr
Prl3d2,Prlr
Prl3d1,Prlr
Adam9,Itgav
Adam9,Itgb1
Adam9,Itga6
Adam9,Itgb5
Hmgb1,Tlr2
Hmgb1,Itgav
Hmgb1,Itgam
Hmgb1,Tlr9
Hmgb1,Tlr4
Hmgb1,Cxcr4
Hmgb1,Thbd
Hmgb1,Ager
Hmgb1,Havcr2
Hmgb1,Itgb3
Hmgb1,Ly96
Hmgb1,Tlr1
Lefty2,Acvr2b
Lefty2,Acvr2a
Lefty2,Acvr1b
Tnfsf18,Tnfrsf18
Icam1,Itgav
Icam1,Itgam
Icam1,Itgal
Icam1,Ahr
Icam1,Itgb2
Icam1,Muc1
Icam1,Spn
Col4a4,Itgb1
Col4a4,Cd93
Col3a1,Itgb1
Col3a1,Mag
Col3a1,Ddr2
Gng5,Kcnj6
Sema3g,Nrp2
Sema3g,Plxna4
Prl6a1,Prlr
Lama3,Itgb4
Lama2,Itgb1
Lama2,Itga7
Lama2,Itgb4
Lama2,Itga2
Ccl26,Ccr2
Ccl26,Ccr3
Ccl26,Cx3cr1
Il11,Il6st
Il11,Il11ra1
Ccl21a,Ackr2
Ccl21a,Cxcr3
Ccl21a,Ccr7
Fgf14,Fgfr1
Fgf14,Fgfr4
Fgf14,Fgfr2
Fgf14,Fgfr3
Prl7a1,Prlr
Gng3,Kcnj6
Il22,Il22ra1
Il22,Il22ra2
Ccl21d,Cxcr3
Ccl21d,Ccr7
Gng7,Kcnj6
Prl2c3,Prlr
Fyn,Thy1
Fyn,Cd244a
Fyn,Spn
Fgf12,Fgfr1
Fgf12,Fgfr4
Fgf12,Fgfr2
Fgf12,Fgfr3
Selplg,Sell
Selplg,Cxcr2
Selplg,Selp
Selplg,Vsir
Selplg,Sele
Psen1,Ephb2
Psen1,Notch1
Psen1,Notch3
Psen1,Notch2
Psen1,Notch4
Psen1,Erbb4
Psen1,Ncstn
Psen1,Nectin1
Sema6d,Plxna4
Sema6d,Plxna1
Sema6d,Kdr
Sema6d,Nrcam
Sema6d,Trem2
Sema6d,Tyrobp
Pla2g5,Pla2r1
Sema3b,Nrp1
Sema3b,Nrp2
Sema3b,Plxna1
Fgf11,Fgfr1
Fgf11,Fgfr4
Fgf11,Fgfr2
Fgf11,Fgfr3
Gcg,Dpp4
Gcg,Glp1r
Gcg,Gcgr
Gcg,Glp2r
Btla,Tnfrsf14
Rtn4,Rtn4r
Rtn4,Rtn4rl2
Rtn4,Ngfr
Rtn4,S1pr2
Rtn4,Lingo1
Rtn4,Cntnap1
Nxph2,Nrxn1
Prl2b1,Prlr
Fgf3,Fgfr1
Fgf3,Fgfr2
Fgf3,Fgfr3
Cd160,Tnfrsf14
Sema6c,Plxna1
Lgals9,Clec7a
Lgals9,Cd40
Lgals9,Havcr2
Apoc1,Vldlr
Ntn1,Dcc
Ntn1,Adora2b
Ntn1,Neo1
Ntn1,Robo3
Ntn1,Unc5d
Ntn1,Unc5a
Ntn1,Mcam
Ntn1,Unc5b
Ntn1,Unc5c
Wnt7b,Lrp5
Wnt7b,Fzd1
Wnt7b,Fzd3
Wnt7b,Fzd7
Wnt7b,Fzd4
Wnt7b,Fzd10
Wnt7b,Adgra2
Wnt7b,Celsr3
Vcan,Egfr
Vcan,Tlr2
Vcan,Cd44
Vcan,Selp
Calm1,Fas
Calm1,Sell
Calm1,Scn10a
Calm1,Scn4a
Calm1,Trpc5
Calm1,Kcnq3
Calm1,Adcy8
Calm1,Mylk
Calm1,Oprm1
Calm1,Cacna1c
Calm1,Kcnn4
Calm1,Grm4
Calm1,Cnga2
Calm1,Kcnq1
Calm1,Mip
Prl8a8,Prlr
Prl8a6,Prlr
Prl,Prlr
Prl2c2,Prlr
Cntf,Il6st
Cntf,Cntfr
Eda,Eda2r
Eda,Edar
Nrg2,Erbb3
Nrg2,Erbb4
Btc,Egfr
Btc,Erbb2
Btc,Erbb4
Lgals3,Il13ra2
Lgals3,Itgb1
Lgals3,Itgb4
Lgals3,Mag
Lgals3,Itga3
Lgals3,Mertk
Lgals3,Itgb3
Afdn,Nrxn3
Afdn,Nectin4
Afdn,Nectin3
Afdn,Nectin1
Afdn,Nectin2
Reln,Itgb1
Reln,Notch1
Reln,Lrp8
Reln,Vldlr
Reln,Itga5
Reln,Itga2b
Reln,Itga3
Reln,Itgb3
Nxph1,Nrxn1
Nxph1,Nrxn3
Nxph1,Nrxn2
Sytl3,Nrxn1
Slit2,Robo2
Slit2,Plxna1
Slit2,Robo3
Slit2,Robo1
Slit2,Robo4
Col9a3,Mag
Wnt11,Fzd7
Wnt11,Musk
Wnt11,Ryk
Cntn2,Nrp1
Cntn2,Cntn1
L1cam,Itgav
L1cam,Erbb2
L1cam,Itgb1
L1cam,Nrp1
L1cam,Itga5
L1cam,Erbb3
L1cam,Cntn1
L1cam,Itgb3
Ngf,Sort1
Ngf,Ntrk1
Ngf,Ngfr
Ngf,Ntrk3
Ngf,Sorcs2
Ngf,Sorcs3
Ngf,Trpv1
Ntf3,Ntrk1
Ntf3,Ntrk2
Ntf3,Ngfr
Ntf3,Ntrk3
Omg,Rtn4r
Omg,Ngfr
Omg,Lingo1
Omg,Rtn4rl1
Ntf5,Ntrk1
Ntf5,Ngfr
Bsg,Cd44
Bsg,Cav1
Bsg,Itgb2
Bsg,Sele
Bsg,Slc16a1
Bsg,Spn
Bsg,Slc16a7
Fga,Itgb1
Fga,Tlr4
Fga,Itga5
Fga,Itga2b
Fga,Itgb2
Fga,Itgb3
Spon2,Itgb2
Gdf2,Bmpr2
Gdf2,Acvr1
Gdf2,Alk
Gdf2,Acvrl1
Il12a,Il12rb1
Lgals8,Itga3
Ihh,Cdon
Ihh,Ptch1
Ihh,Hhip
Ihh,Gpc1
Ihh,Ptch2
Ihh,Smo
Serpine2,Plaur
Srpx2,Plaur
Ceacam1,Plaur
Ceacam1,Sdc4
Mmp12,Plaur
Vegfa,Itgav
Vegfa,Sdc2
Vegfa,Gpc1
Vegfa,Flt1
Vegfa,Nrp1
Vegfa,Nrp2
Vegfa,Npr1
Vegfa,Ptprz1
Vegfa,Kdr
Vegfa,Axl
Vegfa,Itgb3
Vegfa,Ptprb
Gas6,Tyro3
Gas6,Axl
Gas6,Mertk
Il7,Il2rg
Il7,Il7r
Vim,Cd44
Mmp7,Cd44
Anxa2,Cd44
Has2,Cd44
Has2,Hmmr
Spp1,Itgav
Spp1,Itgb1
Spp1,Cd44
Spp1,Itgb5
Spp1,Itga8
Spp1,Itga4
Spp1,Itga9
Spp1,Itgb3
Prg4,Cd44
Igf2,Igf1r
Igf2,Igf2r
Igf2,Insr
Gpc3,Igf1r
Gpc3,Cd81
Kitl,Kit
Kitl,Epor
Pthlh,Pth1r
Igfbp5,Cav1
Calml3,Kcnq1
S100a9,Tlr4
S100a9,Ager
Dll4,Notch1
Dll4,Notch3
Dll4,Notch2
Dll4,Notch4
Dll3,Notch1
Dll3,Notch3
Dll3,Notch2
Dll3,Notch4
Il25,Il17rb
Il17b,Il17rb
Apoe,Lrp5
Apoe,Lrp6
Apoe,Lrp1
Apoe,Lrp2
Apoe,Lrp8
Apoe,Vldlr
Apoe,Sorl1
Apoe,Abca1
Apoe,Ldlr
Apoe,Scarb1
Apoe,Sdc4
Apoe,Sdc1
Apoe,Trem2
Ptn,Sdc2
Ptn,Nrp1
Ptn,Alk
Ptn,Ptprz1
Ptn,Sdc4
Ptn,Sdc1
Ptn,Ptprb
Rspo3,Fzd8
Rspo3,Lrp6
Rspo3,Lgr4
Rspo3,Lgr6
Rspo3,Sdc4
Rspo3,Lgr5
Tnc,Egfr
Tnc,Itgav
Tnc,Itgb1
Tnc,Itga7
Tnc,Itga8
Tnc,Tlr4
Tnc,Itga9
Tnc,Itga2
Tnc,Sdc4
Tnc,Itgb3
Tnc,Itgb6
Tgm2,Sdc4
Htra2,Cd40
Ptpn6,Cd22
Ptpn6,Ros1
St6gal1,Cd22
Grp,Nmbr
Grp,Grpr
Ptpn11,Ros1
Il19,Il20rb
Il19,Il20ra
Il24,Il20rb
Il24,Il22ra1
Il24,Il20ra
Ifng,Ifngr1
Ifng,Ifngr2
Tac1,Tacr1
Tac1,Tacr2
Tac1,Tacr3
Tac1,Grpr
Tac2,Tacr1
Tac2,Tacr2
Tac2,Tacr3
Ang,Egfr
Tnfsf12,Egfr
Tnfsf12,Tnfrsf12a
Tnfsf12,Tnfrsf25
Ereg,Egfr
Spink1,Egfr
Hsp90aa1,Egfr
Hsp90aa1,Fgfr3
Hsp90aa1,Lrp1
Hsp90aa1,Cftr
Lrig1,Egfr
Epgn,Egfr
Agtrap,Rack1
Dkk3,Kremen1
Dkk4,Lrp6
Dkk4,Kremen1
Lypd3,Agr2
Vwf,Lrp1
Vwf,Itgav
Vwf,Itga4
Vwf,Tnfrsf11b
Vwf,Itga2b
Vwf,Itga2
Vwf,Itgb3
Vwf,Gp9
Vwf,Stab2
Vwf,Gp5
Vwf,Gp1ba
Vwf,Gp1bb
Angptl3,Itgav
Angptl3,Itga5
Angptl3,Itgb3
F7,F2rl1
F7,F3
Nptx2,Nptxr
Nptx1,Nptxr
Fgb,Itga5
Angptl8,Gpihbp1
Cd6,Alcam
Trf,Tfrc
Trf,Tfr2
Ifnb1,Ifnar1
Ifnb1,Ifnar2
Lhb,Lhcgr
Pdgfd,Pdgfra
Pdgfd,Pdgfrb
Il34,Csf1r
Alox5ap,Alox5
S100a8,Tlr4
S100a8,Ly96
Sema3d,Nrp1
Pdyn,Oprk1
Cp,Slc40a1
Cd86,Cd28
Icosl,Cd28
Icosl,Icos
Il1rn,Il1rl2
Il1rn,Il1r1
Il1rn,Il1r2
Nms,Nmur2
Nms,Nmur1
Pdcd1lg2,Pdcd1
Pdcd1lg2,Pdcd2
Psap,Lrp1
Psap,Gpr37l1
Psap,Gpr37
Podxl2,Sell
Cfh,Itgam
Cfh,Sell
Cntn6,Notch1
Rbp3,Notch1
Ccn3,Notch1
Dlk2,Notch1
Dlk1,Notch1
Dlk1,Notch3
Dlk1,Notch2
Egfl7,Itgav
Egfl7,Notch1
Egfl7,Notch3
Egfl7,Notch2
Mfap2,Notch1
Mfap5,Notch1
Dspp,Itgav
Dspp,Itgb6
Fbn1,Itgav
Agrn,Lrp4
Agrn,Musk
Agrn,Atp1a3
Proc,Procr
Nppb,Npr3
Nppb,Npr1
Nppb,Npr2
Nppa,Npr3
Nppa,Npr1
Nppa,Npr2
Tfpi,F3
Gdf10,Bmpr1b
Gdf10,Bmpr1a
Gdf10,Acvr1
Bmp6,Acvr2b
Bmp6,Bmpr1b
Bmp6,Bmpr2
Bmp6,Bmpr1a
Bmp6,Acvr1
Bmp6,Hjv
Pltp,Abca1
Cck,Cckar
Cck,Cckbr
Gnrh1,Gnrhr
Mmp14,Flt1
S100a10,Trpv5
S100a10,Trpv6
Shank3,Ret
Sostdc1,Lrp6
Wnt5b,Lrp6
Guca2b,Gucy2c
Adam3,Cd9
Slurp1,Chrna7
Clec4g,Tyrobp
Col18a1,Gpc1
Col18a1,Itgb5
Col18a1,Gpc4
C1qtnf5,Mfrp
Slpi,Plscr4
Prnd,Rpsa
Ptma,Vipr1
Mst1,Mst1r
Ccl1,Ccr8
Flt3l,Flt3
Cxcl9,Cxcr3
Cxcl9,Ccr3
Cxcl9,Dpp4
Ccl28,Ackr2
Ccl28,Ccr3
Ccl28,Ccr10
Ctsd,Lrp1
Hspa1b,Lrp1
Gip,Dpp4
Gip,Gipr
Retn,Tlr4
Npb,Npbwr1
Npw,Npbwr1
Uts2b,Sstr5
Uts2b,Uts2r
Pon2,Htr2a
Tnfsf15,Tnfrsf25
Ccl27a,Ackr2
Ccl27a,Ccr10
Sema4c,Plxnb2
Ccl20,Cxcr3
Ccl20,Ccr6
Ccl19,Cxcr3
Ccl19,Ackr4
Ccl19,Ccr7
Ccl21b,Cxcr3
Ccl21b,Ccr7
Liph,Lpar1
Apela,Aplnr
Cd200,Cd200r1
Cd200,Cd200r2
Col4a3,Itgb1
Col4a3,Itga2
Col8a1,Itga2
Col8a1,Itga1
Nps,Npsr1
Prok1,Prokr2
Prok1,Prokr1
Insl5,Rxfp4
Ghrl,Ghsr
Ccl27b,Ccr10
Rtn3,Rtn4r
Prlh,Prlhr
Prl8a2,Pgr
Rgmb,Neo1
Rgma,Neo1
Hspg2,Itgb1
Hspg2,Col13a1
Hspg2,Ptprs
Ostn,Npr3
Hp,Itgam
Gh,Ghr
Selenop,Lrp2
Selenop,Lrp8
Tcn2,Lrp2
Cubn,Lrp2
Nrg3,Erbb3
Nrg3,Erbb4
Ncam1,Fgfr1
Colq,Musk
Alkal1,Alk
Thbs2,Notch3
Col4a6,Itgb1
Col4a6,Cd93
Col4a5,Itgb1
Jam2,Itgb1
Jam2,Itga4
Gng13,Kcnj6
Gng2,Kcnj6
Gng12,Kcnj6
Gnb4,Kcnj6
Camp,P2rx7
Sftpa1,Sirpa
Thpo,Mpl
Tctn1,Tmem67
Sema6b,Plxna4
Nrg4,Erbb4
Adamts3,Ccbe1
Comp,Itgb1
Slit1,Itgb1
Gnb1,Itgb1
Lman1,Itgb1
Slit3,Itgb1
Gnb5,Itgb1
Nrg2,Itgb1
Fbn1,Itgb1
Shank3,Itgb1
Col4a1,Notch2
Vwf,Itga9
Vwf,Selp
Rtn4,Itgb2
Lgals3,Itgb2
Vwf,Itgb2
Agrn,Itgb2
Psen1,Itga9
Rtn4,Itga9
Thbs2,Itgb2
Sema6d,Itga9
Hc,Nrxn1
Sema4a,Itgb1
Gnb2,Itgb1
Colq,Lrp2
Vwf,Kdr
Afdn,Axl
Vwf,Gfral
C3,Aplp2
Agrn,Itga9
Ahsg,Itgb1
Slit2,Ldlr
Vwf,Tlr2
Afdn,Lingo1
Cel,Itgb2
Fgf3,Lrp1
Tg,Igf2r
Col4a4,Lrp2
Slit3,Ptprb
Slit2,Lingo1
Npy,Prokr1
Cntn6,Lrp1
Slit1,Tecta
Pros1,Nrxn3
Adam17,Itga9
Lama2,Itga9
L1cam,Itga9
Hc,Nrxn3
Eda,Scarf1
Npy,Agtr1a
Nps,Ackr1
Col3a1,Itgam
Afdn,Robo4
Npb,Agtr1a
Pltp,Itgb2
Icam5,Erbb3
Col2a1,Sell
Vwf,Tnfrsf17
Vegfc,Scn5a
Omg,Itgb2
Il16,Scn5a
Agtrap,Lrp2
Slit2,Gp1ba
Rtn4,Grin2c
Slit1,Ptprb
Lama1,Plxna3
Fbln1,Itgb2
Ucn2,Oprm1
Ccl3,Cxcr2
Egf,Nrxn3
Lgals3,Sorcs3
Fgf20,Lrp2
Vwf,Musk
Ccl4,Cxcr2
Vcl,Itgb1
Icam5,Sell
Col4a6,Itgb3
Fgf5,Itgb1
Tnc,Itgam
Gal,Crhr2
Rtn3,Erbb4
Gnb4,Itgb2
Gal,Prokr1
Cxcl14,Ackr2
Tnfsf9,Tnfrsf17
Prlh,Crhr2
Inhbb,Fgfr2
Gnb2,Itgb2
Lgals3,Sell
Vwf,Clec7a
Gdf5,Fzd7
Afdn,Scn10a
Il16,Itgb8
Bmp4,Lrp1
Slit2,Itgb1
Tac1,Crhr2
Cntn2,Itga9
Agrn,Erbb2
Slit3,Epha8
Sema6a,Plxna3
Dspp,Notch1
Tnc,Lingo1
Vegfc,Ptprb
Lama5,Flrt3
Hmgb1,Ccr3
Psen1,Sdc2
Col4a1,Itgam
Adam17,Itgb2
Lgals3,Csf2ra
Ptpn11,Lrp1
Ucn2,Rxfp3
Cort,Oprd1
Adam12,Lrp1
Col4a2,Itgam
Psen1,Scn5a
C3,Tyrobp
Wnt7a,Fzd8
Lama5,Itgal
Col4a1,Scn5a
Slit2,Scarf1
Shank3,Itga7
Wnt11,Igf1r
Hc,Nrp2
Npnt,Notch1
Eda,Notch1
Rtn4,Axl
Tgm2,Itgb1
Reln,Npr1
Tln1,Grin2c
C3,P2rx7
Adam9,Lrp1
Afdn,Il6ra
Slit3,Fgfr2
Gnb5,Nrxn3
Gng11,Itgb2
Btc,Lrp1
Nrg2,Plxnb2
Afdn,Tyrobp
Plau,Itgal
Rbp3,Itga9
Lnx2,Nrxn1
Uts2,Oprd1
Lgals3,Cd79a
Il13,Prokr1
Ucn2,Agtr1b
Sema6c,Itgam
Tg,Itgam
Thbs1,Muc6
Col9a2,Nrxn1
Nptx1,Erbb4
Afdn,Grin2c
Izumo1,Lrp2
Lama5,Notch1
Mdk,Itgb2
Sema5a,Plxna2
Apln,Prokr1
Podxl2,Itgb2
Vegfa,Itgb2
Lama2,Itgam
Vwf,Edar
Fn1,Nrp2
Jag2,Lrp2
Eda,Itga9
Sema6c,Itga9
Bmp8a,Fgfr2
Sema6a,Itgb1
Rgma,Ldlr
Adam12,Erbb3
Tac2,Cmklr1
Hc,Tspan14
Slit3,Npr1
Col4a6,Erbb4
Grn,Itgb2
Hspa1b,Itgam
Cp,Itga9
Sema6c,Lrp1
Areg,Plaur
Slit3,Lingo1
Pyy,Npy4r
Adam2,Muc6
Ccl7,Gpr17
Sema6b,Tlr2
Ghrl,Rxfp3
Wnt11,Plaur
Has2,Lrp2
Spint1,Erbb4
Calr,Itga9
Hpx,Notch1
Slit3,Ldlr
Adam9,Sdc2
Cntn6,Itgam
Hc,Scn10a
Gdf5,Tgfbr1
Uts2b,Cxcr3
Nid2,Plxna4
Cxcl14,Npy4r
Adam17,Itga7
Col4a6,Npr1
Fgf3,Notch1
Sema6d,Tgfbr3
Npb,Rxfp3
Cfh,Itgb2
Npvf,Cx3cr1
Col1a2,Itga9
Sema6b,Plxna2
Ucn2,Ackr2
Pdgfc,Itgb2
Hp,Vldlr
Rtn3,Ptprj
Ccl5,Glp1r
Gdf7,Cav1
Lrig1,Ldlr
Col4a3,Notch1
Vwf,Gpc1
Hmgb1,Lingo1
Cntn2,Itgb1
Fga,Itga9
Hrg,Fgfr2
Ccl11,Oprm1
Rbp3,Itgb1
Scgb1a1,Oprm1
Hc,Itgae
Tac1,Npbwr1
Apln,Oprd1
Gdf5,Fgfr3
Sytl3,Lrp1
Col1a2,Itgb2
Lgals3,Npr1
Grn,Mst1r
Lamb1,Notch1
Col9a3,Itgb3
Egf,Tlr2
Agrn,Stab2
Jag1,Sell
Cntn6,Itga9
Sema6d,Nrp2
Ccl12,Ackr2
Btc,Erbb3
Tg,Itgb3
Sema5a,Notch1
Slit3,Grin2c
Rtn4,Erbb4
Prok1,Tacr3
Plau,Klb
Il16,Mc3r
Lrig1,Itgb2
Ptpn11,Ptprb
Adam15,Notch3
Slit3,Itgam
Bsg,Itga9
Ucn3,Ccr3
Gnb1,Itgav
Prlh,Prokr2
Selplg,Traf2
Col18a1,Lingo1
Npvf,Prokr1
Wnt7b,Ptprj
Spon2,Itgb1
Lman1,Nrp2
Fgf11,Plaur
Adam17,Erbb3
Ghrl,Ptgdr
Il17b,Erbb4
Nptx2,Itgb1
Ccl5,Mtnr1b
C3,Epha10
Il16,Cd79a
Cel,Fgfr2
Col4a6,Lingo1
Tg,Itga9
Npb,Tacr3
Grn,Erbb4
Ccl5,Gpr3
Ihh,Glp1r
Tln1,Sdc4
Gnb1,Itgam
Rtn3,Itga2b
Tnc,Ldlr
Wnt5b,Musk
Cxcl3,Oprm1
Tnfsf13b,Tnfrsf9
Dscam,Itgb2
Shank3,Ldlr
Jag2,Lrp1
Lgals3,Ncstn
Slit2,Itga7
Vtn,Itgb1
Gdf3,Bmpr1b
Slit3,Sdc2
Hsp90b1,Sdc4
Reln,Axl
Hc,Npr2
Il13,Oprd1
Jag1,Ptprb
Mmp2,Fgfr2
Ccl26,Crhr2
Hcrt,Crhr2
Spp1,Lrp1
Ceacam1,Sell
Grp,Cxcr3
Pdgfb,Fgfr2
Fbn1,Notch1
Slit1,Insr
Ceacam1,Selp
Mstn,Nrxn3
Itgb1bp1,Lrp1
Srpx2,Nrp1
Col4a1,Kcnj6
Izumo1,Itgb1
Rtn4,Npr1
Slit1,Sdc4
Fgf13,Klb
C3,Tecta
C3,Tek
Slit2,Scn10a
Fgf1,Lrp1
Thbs1,Plxna3
Plau,Itgb1
Lhb,Itgb1
Ntng1,Erbb4
C3,Axl
Fga,Lrp1
Lgals8,Mcfd2
C3,Csf2ra
Fn1,Itga7
Lama5,Cd36
Gal,Cmklr1
Jag2,Itga7
Csf1,Axl
Ccl21b,Ccr9
Pthlh,Cxcr3
Adam17,Grm7
Psen2,Itgal
Hsp90b1,Erbb2
Scgb1a1,Nmbr
Spint1,Itgb1
Sema3c,Plxna3
Reln,Grm7
Fgb,Klb
Spp1,Sell
Reln,Hmmr
Psen2,Cd40
Sema4c,Scn5a
Psen2,Scn5a
Ltb,Kcnj4
Ihh,Gp9
Inhbb,Erbb4
F9,Notch1
Egf,Itga4
Lnx2,Scn5a
Dll1,Itga4
Lama5,Lingo1
Apln,Pth2r
Vegfa,Lingo1
Adam15,Nrxn3
Rspo2,Lrp4
Afdn,Erbb3
Tac2,Adora2b
Gpc3,Ephb3
Vegfc,Plaur
Mstn,Ephb3
Fgf1,Lrp2
Gnrh1,Hcrtr1
Adam12,Plaur
Reln,Scn5a
Ltb,Tnfrsf14
Tnc,Kcnj6
Sema6a,Flrt3
Icam5,Thbd
Selplg,Erbb4
Gpc3,Ccbe1
Wnt3,Fgfr2
Ltb,Il20ra
Apoc1,Tacr3
Gdf7,Notch4
Rtn3,Itga9
Gnb1,Erbb4
Mfge8,Erbb4
Adm2,Gfra1
Nrg2,Fgfr2
Nptx1,Tek
App,Npy1r
Gnb3,Nrxn1
S100b,Lrp2
Ccl5,Prlhr
Fbn1,Itgam
Dll3,Itgb2
Lrig1,Vldlr
Apoc3,Plaur
Adam12,Klb
Il27,Mcfd2
Bmp8a,Acvr1b
Cxcl10,Tacr1
Afdn,Plxna2
Lgals3,Robo4
Ccl25,Ccr5
Selplg,Il6st
Thbs1,Gp9
Grn,Lrp2
Vcam1,Itgam
Ptpn6,Itga9
Lgals3,Erbb3
Gnb2,Muc6
Gdf5,Epha10
Tnfsf11,Itga9
Tnc,Ptprj
Grp,Tacr3
Cxcl17,Ccr3
Col3a1,Lingo1
Plau,Fgfr2
Cxcl17,Tacr1
Gdf10,Lrp1
Scgb1a1,Sstr1
Col4a6,Cntn1
Tnc,Plaur
Fga,Scn5a
Sema3c,Cd36
Tln1,Nrxn3
Slit1,Scn5a
Sema4d,Scn5a
Adam15,Epha4
Cel,Hhip
Gdf5,Ptprj
Gng4,Itgb1
Ihh,Epha8
Col1a1,Notch3
Hc,Lrrc4c
Slit2,Lrp1
Vwf,Lrp2
Adam17,Glp1r
Reln,Scarf1
Tac1,Adora2b
a,Npy6r
Scgb1a1,Npffr2
F2,St14
Col4a2,Itgb6
Comp,Abca1
Dmp1,Lrp4
Cntn2,Plxnb2
Afdn,Agtr2
C3,Ldlr
Hc,Robo1
Cxcl13,Ccr2
Egf,Nrxn1
Gdf5,Cntn1
Hc,Trem2
Rtn3,Scn5a
Cxcl9,Ccr10
Hc,Cadm1
Ucn3,Ccr5
Hpx,Nrxn3
Ptpn11,Ptprj
Ccl24,Oprd1
Ccl22,Oprm1
Wnt11,Ntrk1
Shank3,Sell
Ucn2,Ptger1
Adam15,Plaur
Tac1,Ccr9
Col9a2,Bcam
Hspa1b,Fgfr2
Npy,Tacr1
Nppa,Itgb1
Slit3,Grm7
L1cam,Npr1
Fgg,Erbb4
Efna2,Lrp4
Adam12,Ddr2
Adam15,Klb
Ltb,Ngfr
Lgals8,Nrxn3
Cxcl12,Grin2c
Ptpn11,Scn5a
Pdgfc,Nrxn3
Lnx2,Erbb2
Il16,Itga4
Galp,Nmbr
Bmp2,Sdc1
Wnt2b,Fzd8
Apoc1,Ackr2
Tln1,Npr2
Fgf12,Lrp1
Col4a1,Flrt2
Thbs1,Notch4
Pros1,Flrt3
Hc,Grin2c
Rtn4,Tlr9
Ptpn6,Klb
Fyn,Il2rb
Eda,Tnfrsf1a
Rgma,Lrp1
Npff,Ccr2
Efnb1,Igf1r
Ccl5,Npy2r
Ngf,Lrp2
Shank3,Itga3
Fgf6,Cntn1
Vcam1,Muc6
Mmp7,Muc6
Nrg4,Lrp1
Rtn4,Ret
Cxcl3,Ccr9
Spp1,Lrp2
Gpc3,Epha5
Dll1,Plxnb1
Sema6d,Sell
Gdf5,Igf1r
S100a4,Il22ra1
Gdf5,Ldlr
F8,Itgam
Col4a5,Itgb3
Lrig1,Lrp1
Eda,Lrp2
Npff,Oprd1
F2,Mc3r
Rgma,Epha10
Proc,Cd93
Oxt,Cxcr2
Psen2,Tnfrsf17
Lgals8,Epha5
Wnt2b,Cav1
Rgma,Epha5
Afdn,Gp9
Fgf11,Ephb4
Ccl8,Prokr1
Sema3c,Erbb3
Ccl17,Ccr5
Vwf,Nrxn1
Lnx2,Itga7
Tnfsf15,Plaur
Fga,Itgam
Ccn2,Erbb2
Prg4,Lrp1
Npy,Gpr3
Gdf7,Notch1
Nps,Cmklr1
Ihh,Robo4
Cp,Ldlr
Inhbb,Lrp1
Sema4a,Lrp2
Hc,Axl
Bmp2,Npr3
Wnt2b,Igf1r
Slit3,Lgr5
Ceacam1,Erbb4
Fgf13,Nrxn3
Hcrt,Cxcr2
Fgf8,Lrp4
Tnfsf8,Sell
Rtn4,Ptch1
Proc,Lrp1
Cxcl12,Mc4r
Agtrap,Fgfr2
Wnt2b,Lrp2
Tnfsf10,Erbb4
Ngf,P2rx7
Slit2,Tnfrsf11a
Cort,Npbwr1
Comp,Cntn1
Nlgn2,Notch1
Lgals3,Hhip
Rbp3,Tlr2
Sema4c,Cd93
Xcl1,Prokr1
Sema3g,Plxna3
Dkk2,Itgb1
Tln1,Epha8
Lrig1,Scn5a
Lgals8,Cd9
Bmp2,Tgfbr1
Ccl12,Agtr1a
Gdf15,Npr3
Prok2,Agtr1a
C3,Itgb8
Col9a2,Gpc1
Vwf,Epha5
Slit2,Fzd8
Fgb,Lrp1
C3,Nrxn2
Agtrap,Itgb1
Csf2,Tlr1
Hcrt,Adora2b
Anxa1,Tyrobp
Pdgfd,Fgfr2
Nptx2,Bmpr2
Vcl,Sdc4
Cxcl16,Rxfp1
Afdn,Fshr
L1cam,Plxnb2
S100a8,Rxfp1
Dscam,Itgb1
Tac1,Il17ra
Lama1,Notch1
Grn,Tecta
Lgals3,Axl
Ngf,Ptprj
Nrg4,Ephb4
Cxcl13,Ccr3
Sema6b,Hhip
Htra2,Itga9
Adam12,Osmr
Sema6a,Axl
Slit1,Itga4
Il16,Scarb1
Fgf20,Igf1r
C3,Tgfbr3
Npnt,Lrp2
Cdh1,Plxna4
Tac1,Kel
Efnb1,Lrp1
Adam3,Fgfr2
Ghrl,Pth2r
Hcrt,Tacr1
Thbs1,Axl
Dll1,Itga7
Icam5,Tecta
Nps,Npffr1
Angpt4,Itgb2
Afdn,Fgfr4
Lama5,St14
Hmgb1,Ackr2
Sema6c,Flt4
Nptx2,Vldlr
F2,Axl
Ccl25,Ccr2
Psen1,Plxna3
Ccl5,Agtr1b
Ucn3,Agtr1a
Il27,Itgb2
Tln1,Flt4
Slit2,Gp9
Col4a3,Lrp1
Tcn2,Lrp1
Gdf5,Acvr1c
Sema6d,Plaur
Rtn3,Insr
Csf1,Bcam
Dll1,Plxna3
Has2,Nrxn3
Fn1,Itgb6
Omg,Ghr
Cdh1,Tnfrsf11a
Lrig1,Plxna4
Icam5,Flt4
Clcf1,Sell
Nppa,Itgb2
Prlh,Ramp3
Fn1,Mag
Gdf6,Lrp1
Il16,Gpr37l1
Slit2,Kdr
Tln1,Lingo1
Gnb3,Ptprz1
Cdh1,Sorcs3
Icam5,Scn5a
Gnb2,Itgam
Shh,Itga1
Bmp8b,Itgb1
Grp,Agtr1b
Gdf5,Fgfr4
Sema6d,Plxnb2
Pros1,Plxna4
Rtn3,Plaur
Apob,Notch4
Rtn4,Plxnb1
Slit1,Notch3
Efna5,Lrp4
Wnt4,Lrp4
Shank3,Plxna3
Rgma,Npr1
Hc,Adra2b
Cel,Gpc1
Cxcl9,Crhr2
Uts2b,Ccr3
Tnfsf9,Pvr
Il16,Kcnq3
Adam12,Tlr9
Artn,Tnfrsf9
Lin7c,Fgfr2
Rspo4,Lrp4
Bmp5,Tgfbr1
Icam5,Itga1
Ccn2,Npr3
Il2,Prlr
Nrg4,Plaur
Wnt5a,Ptk7
Tgm2,Itgam
Sema6b,Lrp2
Pyy,S1pr2
Cxcl12,Npy6r
Pth,Ccr3
Fat4,Muc6
Afdn,Agtr1b
Osm,Ptprj
Lgals8,Axl
Pdyn,Crhr2
Pltp,Flt4
Pomc,Pth1r
Insl5,Pth2r
Wnt7b,Igf1r
Rarres2,Adora1
Apoc3,Itgb2
Tgfa,Lingo1
Lgals8,Cd93
Ngf,Adcy8
Col4a1,Cd9
Agrn,Axl
Omg,Nrp1
Rgma,Ptprj
Ccl22,Oprd1
Dmp1,Ptprb
Ucn2,Il7r
Lgals8,Musk
Slit1,Osmr
L1cam,Bcam
Galp,Ackr2
Col1a1,Muc6
Cdh1,Axl
Sct,Calcr
Hc,Glp1r
Vwf,Mst1r
Apoc1,Gpr3
Nmb,Gpr35
Wnt11,Fgfr4
Fgf11,Lrp1
Cxcl14,Sstr1
Tnfsf10,Itgb2
Fgf11,Epha5
Bmp6,Cd200r2
Ccl26,Xcr1
Efnb1,Ldlr
Slit3,Axl
C3,Sdc4
Ccl24,Nmbr
Ntng1,Tnfrsf9
Cxcl9,Tacr3
Adam17,Npr1
Ntng2,Itgb1
Serpine1,Muc6
Psen1,Lrp1
Lama5,Plxnb1
Fgf5,Igf1r
Omg,Itgb6
Agrn,Flrt3
Lin7c,Tyro3
Hc,Cxcr4
S100a8,Oprm1
Ccl22,Pth2r
F2,Grin2c
Npy,Ptger1
Tnc,Igf2r
Vegfc,Ldlr
F2,Grm4
Col4a6,Nrp2
Fgf5,Nrxn3
Rspo1,S1pr2
Fgf13,Itgam
Prlh,Ackr2
Egfl7,Nrp1
Lgals3,Flt4
Gdf3,Erbb2
Ccl24,Xcr1
Ccl5,Il2rb
Sema6b,Itgal
Amh,Itga4
Cd14,Rxfp1
Dll4,Erbb4
Wnt10a,Fzd8
Adam10,Itga9
Rtn4,Itgb6
Gnrh1,Mip
Ccl1,Ghsr
Comp,Igf2r
Adam9,Tlr9
Lama1,Mag
Rtn4,Scarf1
Gnrh1,Ccr10
Prl8a2,Erbb4
Lgals3,St14
Hspa1b,Ros1
Thbs1,Npr1
Gdf7,Sdc4
Egf,Itgam
Hmgb1,Kcnj6
Tnc,Ddr2
Lgals8,Npr1
Adam10,Robo4
Iapp,Pth1r
Bmp8a,Cav1
Vcl,Nrp2
Col9a3,Itgb5
Ngf,Notch1
Pltp,Flrt3
Crh,Pth2r
Adm2,Rxfp3
Nptx2,Ldlr
Rtn3,Nrp1
Tfpi,Ptprj
Scgb1a1,S1pr2
Adam10,Ptprj
Bmp4,Ntrk1
Ptpn6,Plaur
Lamb1,Muc6
Adam12,Ephb4
Cntn2,Klb
Madcam1,Itga5
Pyy,Hcrtr2
Grn,Sell
Afdn,Gp5
Tdgf1,Scn5a
Sema3e,Itgb1
Ccl11,S1pr2
Wnt3a,Ramp3
Hspg2,Stab2
Ucn2,Trpv5
Mdk,Itgam
Adam10,Scn5a
Slit1,Igf2r
Ccl12,S1pr2
C3,Mcam
Cort,Crhr2
Scgb1a1,Crhr2
Adam10,Fzd8
Eda,Tnfrsf1b
Slit2,Gpc6
Has2,Lrp1
Pf4,Ccr3
Lgals3,Scn5a
Adam12,Robo2
Afdn,Cxcr6
Ngf,Tlr1
Nptx2,Notch1
Sftpd,Ephb3
Afdn,Gpc6
Fgf8,Nrxn3
Lama1,Insr
Jam3,Igf2r
Sema3g,Nrxn3
Cel,Scarb1
Ghrl,Xcr1
Sytl3,Igf2r
Tln1,Ldlr
Lefty2,Lrp1
Selplg,Tectb
Tdgf1,Fgfr2
Dll4,Plaur
Gdf7,Tgfbr1
Lama1,Itga8
Slit3,Fgfr4
Cxcl1,Ccr1
Lrig1,Fzd8
Ccl7,Cx3cr1
Ltb,Fas
Lama5,Trem2
Dscam,Scn5a
Tnfsf9,Ly96
Vegfb,Notch2
Gnrh1,Gpr35
Srpx2,Flt4
Ihh,Cd81
Angpt2,Nrxn3
Calm2,Agtr1a
Calm1,Agtr1a
Tln1,Axl
Ghrl,Cxcr3
Lamc2,Itga7
Col3a1,Itga5
Sema6a,Thbd
Nodal,Itgb3
a,Axl
Eda,Pgr
Egf,Itgb2
Cd6,Lrp1
Dll4,Hhip
Nmb,Ccr2
Afdn,Scn5a
Hsp90aa1,Plxnb1
Ahsg,Sell
Adam3,Ldlr
Nrg4,Ros1
Col9a2,Nrxn3
Hspa8,Itgal
Hrg,Nrp2
Nrg1,Itgam
Areg,Tgfbr1
Rgma,Itgal
Il4,Il20ra
Shank3,Gpc1
Afdn,Plaur
Spint1,Nrxn3
Col2a1,Itga9
App,Drd2
Tgfa,Npr3
Ccl5,Tlr1
Tnfsf10,Il6st
Col4a6,Lrp1
Ghrl,Fzd1
Xcl1,Agtr1a
Cst3,Cav1
Npy,Sstr2
Vcl,Plxna3
Grn,Igf2r
Mstn,Erbb2
Ucn,Calcr
Podxl2,Itgam
Prl8a8,Lrp2
Fgf1,Igf1r
Hcrt,Gpr35
Rtn4,Zp3r
Tnfsf15,Lrp1
Fgf12,Ptprj
Wnt2,Tgfbr1
Plau,Osmr
Col3a1,Itga2b
Afdn,Gp1ba
Il16,F2rl2
Gnb1,Il6st
Pdgfa,Calcr
Ghrl,Il7r
Efnb1,Fgfr4
Slit1,Thbd
Npvf,Npy6r
Vip,Oprm1
Csf1,Grin2c
Prlh,Ptgdr
Adam12,Kdr
Reln,Ncstn
Wnt7b,Npr1
Shh,Grm4
Sema3c,Muc6
Tnfsf15,Ptprj
Hsp90b1,Hhip
Bmp10,Itgb1
Htra2,Itgam
Wnt2,Lrp4
S100a4,Scarf1
Adam12,Ephb1
Ceacam16,Erbb4
Nps,Gpr3
Rarres2,Cxcr2
Efnb3,Cd9
Ucn,Pth2r
Slit3,Cadm1
Slit2,Ncstn
Ihh,Flrt3
Gdf3,Nrxn3
Angptl3,Tlr2
Csf1,Notch3
Iapp,Npbwr1
Hp,Il27ra
Icam5,Osmr
Csf1,Hhip
Galp,S1pr2
Tgm2,Flt4
Pdgfc,Scn5a
Prok2,Npbwr1
Gnb2,Sell
Fgf2,Igf1r
Mmp14,Vldlr
Shh,Notch1
Uts2b,Cxcr2
Sftpa1,Fgfr2
Sytl3,Ptprj
Cxcl9,Tlr2
Pf4,Prokr1
Rgma,Cd200r2
Lama1,Itgb3
Hc,C3ar1
Col9a2,Cntn1
Il1f8,Igf1r
Npy,Mc1r
Vegfc,Erbb4
Pdgfa,Ednra
Apln,Oprm1
Ccl25,Adora1
Hspg2,Lrp2
Ccl11,Tacr1
Rgma,Sorcs1
Ccl24,Fzd7
Bmp5,Pdgfra
Ngf,Fas
Ccl25,Agtr1a
Grn,Erbb3
Npb,Ghsr
Pltp,Epha1
Omg,Ptprj
Agtrap,Cntn1
Adam10,P2rx7
Hspa1b,Plaur
Vwf,Kcnj6
Ceacam1,Nrp1
Agrn,Plxna3
Ppy,Cxcr2
Hmgb1,Ldlr
Ntf5,Fzd2
Scgb1a1,Npy6r
Ghrl,Ednra
Grn,Itga7
Sema6a,Mag
Wnt8a,Ramp3
Retn,Kcnj6
Ucn2,Npsr1
C3,Fzd7
Sema4a,Nrxn3
Sema4c,Flt4
Gdf2,Ldlr
C3,Itga2
Npnt,Itgb2
Icam5,Itgb1
Ceacam16,Tnfrsf9
Adam12,Igf2r
Lrig1,Fgfr2
Agrp,Fzd9
Adam12,Itga7
Hsp90b1,Notch1
Fgf8,Ldlr
Grn,Il27ra
Ccl22,Cxcr2
Psen1,Itgb8
Npvf,Ackr2
Tgm2,Igf1r
Thbs2,Scn5a
Ltb,Prlr
Nps,Oprk1
Hspa8,Plxnb1
Col9a3,Itga7
Hc,Lepr
Fga,Tlr9
Fga,Nrp1
Gdf10,Fzd8
Il27,Ldlr
Sema5a,Flrt3
Clec4g,Nrp1
Sema6d,Nrxn1
Sema7a,Scn5a
Arf6,Ephb4
Lin7c,Erbb2
Npb,Tspan12
Hspg2,Itgb2
Ccl12,Gipr
Psen1,Itga3
Adam9,Itga4
Ucn2,Gnrhr
Gnrh1,Htr6
Nptx2,Fzd7
Col4a4,Itgav
Calm2,Abca1
Sema6b,Plxnb2
Cel,Sdc2
Uts2,Hcrtr2
Cntn6,Met
Mmp13,Nrxn3
Nps,Kcnj6
Gng11,Itgav
Tln1,Cd9
Uts2,Npy6r
Fgf13,Muc6
Nrg1,Itgb2
Ltb,Mrc2
Gal,Oprk1
Gnb1,Klb
Col4a4,Notch1
Bgn,Notch1
Gnb3,Sdc3
Gpc3,Alk
Mstn,Igf1r
Npvf,Ccr3
Ccl24,Aplnr
F2,Nptxr
Sytl3,Ldlr
Ucn2,Ptgdr
Adm2,Tacr1
Bmp10,Tgfbr3
Col2a1,Plxnb1
Ccn2,Erbb3
Psen1,Fgfr3
Gdf2,Plaur
Slit1,Cd36
Sftpa1,Plaur
Lgals3,Grin2c
F8,Notch1
Ihh,Lrp1
L1cam,Lingo1
S100a4,Nptxr
Sema4a,Notch3
Hspa1b,Cd93
Afdn,Ret
Vegfb,Itgal
Ccl7,Npy4r
Cel,Notch3
Grn,Tnfrsf13c
Podxl2,Tnfrsf17
Ccl21d,Rxfp3
Adam15,Ptprb
Galp,Pth1r
Podxl,Selp
C3,Notch1
Mmp14,Insr
Cst3,Sdc4
Thbs4,Nrxn3
Adm2,Calcr
Apoc3,Lrp4
Bmp8a,Igf1r
Vip,Ackr2
Clec4g,Gfral
Rtn2,Tnfrsf17
Fgf16,Klb
Ccl25,Pth2r
Grp,Oprd1
Rtn3,Tlr9
Csf1,Ldlr
Fga,Itgb8
Uts2b,Ghsr
Agrn,Nrp2
Galp,Avpr2
Slit1,Ptch1
Mfge8,Tnfrsf17
Serpine1,Itgb1
Lnx2,Bcam
Comp,Itgal
Gdf5,Npr1
Ceacam16,Il20ra
Npb,Npy2r
Lin7c,Cntn1
Col9a3,Plxna3
Ghrl,Avpr1b
Tg,Notch1
Afdn,Sstr3
Tnfsf13b,Cd40
Angptl8,Lrp1
Gcg,Ifngr1
Adam17,Plxnb1
Ucn3,Nmbr
Wnt2b,Plaur
Prl7b1,Lrp1
Uts2,Sstr4
Bdnf,Gfra3
Adam10,Il15ra
Wnt7b,F2rl2
Prl7a2,Itgb1
Gdf5,Lrp6
Bdnf,Tnfrsf17
Lama5,Ldlr
Sema7a,Plxna4
Wnt5a,Ntrk1
Cntn6,Itgav
Gal,Mip
Agrn,Tgfbr3
Ccl3,Tacr1
Adam12,Npr1
Sema5a,Itgb1
Ucn2,Npy5r
Sema4d,Plxna3
Gnrh1,Cmklr1
Cxcl9,Ccr5
Hsp90b1,Tspan17
Xcl1,Ccr2
Ghrl,Gipr
Pdgfd,Ephb3
Fgf5,Lrp5
Cntf,Erbb4
Il4,Pdcd1
Uts2,Sstr1
Cxcl14,Nmbr
Nrg1,Lingo1
Postn,Itga4
Dmp1,Tlr2
Col18a1,Plxnb2
App,Crhr2
Il27,Klb
Nptx1,Itga3
Sema4c,Ldlr
Lman1,Scn5a
Agt,Itgb1
Gdf15,Bmpr2
Spp1,Mrc2
Efnb3,Insr
Wnt11,Epha5
Tln1,Trem2
Col4a6,Itga2b
Reln,Thbd
Sema3f,Lrp1
Gnb3,Sell
Plau,Epha7
Prlh,Tacr3
C1qtnf5,Sdc1
Vcl,Plxnb1
Gal,Vipr1
Sftpa1,Ramp3
Wnt7a,Sdc1
Plat,Ptprb
Wnt1,Fgfr2
Apoc3,Igf1r
Ceacam1,Il6st
Lgals3,Tspan15
Icam5,Itga7
Adam10,Bcam
Egf,Bcam
Nxph1,Itgb3
Npff,Glp1r
Gdnf,Pgr
Gdf2,Fgfr2
Rtn4,Ncstn
Cxcl17,Crhr2
Pltp,Tlr2
Npb,Grpr
Sema3c,Flrt3
Lgals3,Alk
Vwf,Grm7
Ihh,Lrp4
Sema6d,Kcnj6
Hsp90aa1,Muc6
Shh,Cntn1
Hp,Ptprb
Tln1,Itgam
Selplg,Mst1r
Lgals8,Gp1ba
Apoc1,Fzd7
Bsg,Aqp2
Ngf,Tspan10
Sema3f,Fgfr2
Col4a6,Axl
Inhbb,Il27ra
Sema6a,Itgb6
Grp,Rxfp3
Efna2,Il27ra
Dll3,Nrp2
Ghrl,Ifngr1
Nps,Calcr
Bmp2,Notch1
Il16,Edar
Col1a2,Hhip
Nps,Pth1r
Ceacam1,Ptprj
Cxcl14,Cnr1
Ntf3,Ptprj
Gdf2,Lrp2
Col4a6,Kdr
Pros1,Aplp2
Sema6c,Plxna2
Fn1,Cd9
Pth,Crhr2
Slit3,Mag
Sema3c,Itga4
Lman1,Tgfbr2
Dll4,Itga3
Shh,Igf2r
Tnfsf13b,Erbb4
Egf,Nrp2
Agrn,Plaur
Spint1,Sell
Tnfsf9,Csf2ra
Ceacam1,Igf2r
Ucn,Ccr1
Il16,Tecta
Vim,Pdcd1
Dmp1,Gp1ba
Ltb,Tectb
Fgf11,Lrp4
Srpx2,Klb
Tcn2,Sdc2
App,Mc5r
L1cam,Hhip
Slit3,Itga4
Col9a3,Scn5a
C3,Traf2
Wnt5a,Lrp4
Slit2,Flt4
Hp,Fgfr2
Lnx2,Itga1
Hspa8,Bcam
Madcam1,Sell
Tdgf1,Itgb3
Prok1,Ccr2
Nrg3,Lrp1
Slit3,Igf2r
Shh,Lrp4
Grn,Grm7
Angpt2,Lrp2
Gnrh1,Vipr1
Ghrl,Cd27
Inhbb,Ccbe1
Ccl5,Npy5r
Jag2,Ptprb
Ltb,Sdc3
Egf,Flrt3
Gdf10,Flt4
Ccl5,Gucy2c
Shh,Epha8
Bmp8a,Tyro3
S100a9,Il17ra
Adam10,Itgb2
Nmb,Sstr1
Cst3,Ephb3
Adam10,Plxna3
Adam12,Hhip
Shank3,Erbb4
Ctsd,Nrp1
Tgfb3,Erbb3
Xcl1,Tyrobp
Csf1,Itga1
Rtn4,Ldlr
Sema3c,Gpc1
Calm1,Adora2b
Tln1,Itgb8
Dmp1,Erbb3
Dll3,Lrp1
Fgf9,Cntn1
Il7,Il2rb
Pomc,Mpl
Il27,Itgam
Ccl5,Cmklr1
Sema3c,Axl
Ccn1,Erbb4
Tnc,Gpc1
Il27,Ephb4
Npnt,Notch2
Adam12,Cd9
Pros1,Trem2
Omg,Itgb3
Gal,Ccr4
Hc,Kdr
Il11,Il27ra
Bmp2,Egfr
Icam4,Klb
Lrig1,Plxnb1
Lama1,Lrp1
Serpine1,Fgfr2
Gdf15,Scarf1
Il34,Itgb1
Lnx2,St14
Sema3g,Itgb1
Prlh,Ghsr
Icam5,Cav1
L1cam,Itgam
Gnas,Nrxn2
Ccl5,Gfra1
Bgn,Tnfrsf17
Efna2,Igf1r
C3,Scn5a
Fgf12,Ptprb
Il4,Traf1
Col4a2,Plxnb1
Sema5a,Erbb3
Adam10,Fgfr2
Sema6a,Itga5
Fgf5,Itgav
Bmp4,Fgfr2
Sema7a,Mcfd2
Dkk2,Igf1r
Hsp90aa1,Scn5a
Dkk4,Crhr2
Il16,Ptch1
Rtn3,Eng
Wnt10b,Ccbe1
Nrg2,Itgb2
Fgf11,Lrp6
Wnt7b,Lrp4
Ghrl,Pth1r
Nrg1,Notch4
Gdf10,Fzd7
Cxcl14,Ccr4
Sema6d,Itga7
Sema4d,Notch2
Cd274,Selp
Lgals8,Cntn1
Icam1,Cd22
Nrg2,Lrp4
Gnb3,Insr
Galp,Npbwr1
Trh,Cx3cr1
Sema6d,Procr
Efna2,Tgfbr1
Pros1,Itga4
Tnfsf15,Musk
Ltb,Gfra2
Rtn4,Itga4
Gnrh1,Ptger1
Lnx2,Axl
Spink1,Rxfp3
Tnfsf15,Ghr
Comp,Epha4
Col4a6,Nrp1
F8,Itga9
Gdf2,Lrp1
Lman1,Igf2r
Vegfd,Igf2r
Rspo3,Alk
Gdf2,Igf1r
Fgg,Plaur
Lamb1,Alk
Avp,Tacr1
Bmp10,Plaur
Fgf22,Ptk7
Psen2,Itga7
Fgf22,Klb
Areg,Lrp4
Trh,Adora1
Ptpn11,Plxnb2
Rbp3,Erbb3
Wnt8a,Fgfr2
Hmgb1,Flrt3
Ccl22,Il17rd
Adam17,Tnfrsf25
Anxa1,Tlr1
Npff,Lpar1
Lgals8,Scarb1
S100a9,Il20rb
Ccl24,Fzd9
Tnfsf15,Sdc2
Spint1,Tnfrsf17
Wnt7a,Ptprb
Vwf,Flt1
Pyy,Rxfp3
Ptgs2,Glp1r
Rarres2,Aplnr
Sema4d,Ccbe1
Bmp6,Tgfbr1
L1cam,Tgfbr3
App,Fgfr2
Angptl4,Prlr
Tslp,Ackr2
Cx3cl1,Adora2b
Col9a1,Notch4
Ltb,Erbb4
Hspa1b,Igf2r
Bmp8a,Neo1
Il27,Epha8
Podxl,Tnfrsf9
Il2,Il1rap
Col9a1,Lrp1
Oxt,Vipr1
Ccl24,Mc5r
Vwf,Tspan14
Grn,Gp9
Rtn3,Hmmr
Hp,Nrxn3
Vcam1,Nrxn1
Mstn,Bmpr1a
Il5,Pth2r
Cd34,Sdc2
Lama2,Cd200r2
Pdgfb,Ephb3
Wnt7a,Sdc4
Galp,Vipr2
Adam10,Cd9
Tln1,Epha4
Sema4g,Erbb3
Ccl28,Ccr4
Tnfsf11,Erbb3
Fgf5,Cntn1
Cxcl14,Oprm1
Col18a1,Itga3
Npy,Izumo1r
Adam17,Itga2b
Lama2,Mag
Tgm2,Fgfr2
Vwf,Robo2
Ccl19,Tacr1
Fgf11,Klb
Fgf23,Lrp4
Hc,Cd79a
Bmp6,Fzd8
Mdk,Axl
Tac2,Oprd1
Ntng1,Gp1ba
Alkal1,Lrp2
Sema3e,Scn5a
Adam17,Lingo1
Ccl21b,Adora2b
Adam10,Lrp4
Gnrh1,Kel
Fgf5,Insr
Ghrl,Vipr2
Rtn4,Insr
Npff,Il17rd
Postn,Lrp1
Agrp,Tgfbr1
Gnai2,Tlr1
Rgma,Musk
Bmp15,Egfr
Shh,Avpr2
Bmp8a,Itgb1
Bsg,Tnfrsf11a
Shh,Itga7
Tslp,Ccr9
Vim,Tek
Clec4g,Klb
Wnt8b,Neo1
Fgf12,Plaur
S100a8,Agr2
Wnt5b,Epha3
Cdh1,Erbb3
Hbegf,Sdc2
Ccl22,Tlr1
Lgals8,Lrp4
Apoc1,Calcr
Gnrh1,Rxfp3
Ccl24,Ednra
Pcsk9,Flrt3
Fgf12,Ccbe1
Reln,Mcfd2
Cxcl3,Prlr
Cd34,Selp
Slit3,Itga8
Areg,Bmpr1a
Efna3,Fgfr2
Tnfsf9,Il27ra
Dmp1,Insr
Col4a6,Plxna3
Tgm2,Ccbe1
Npvf,Cxcr2
Mmp14,Lrp1
Fgf3,Lrp6
Lama5,Erbb3
Gpc3,Flt4
Adam17,Cadm1
Rspo4,Nrxn3
Cx3cl1,Notch4
Ccl1,Gpr3
Adam17,Cd47
Slit2,Trem2
Rtn4,Tlr1
Rgma,Plaur
Sema3f,Osmr
Wnt8a,Tgfbr1
Slit3,Notch3
Ccl21b,Prokr2
Thbs2,Nrp2
Pdyn,Oprm1
C3,Npr3
Psen1,Sorcs3
Tnfsf13b,Tnfrsf11a
Npff,Mas1
Sema6d,Ephb2
Rtn2,Scarf1
Podxl2,Itgav
Fgf8,Neo1
Fbn1,Plxna4
Pros1,Cd47
Gnas,Itga9
Adam10,Lgr5
Sema6a,Notch3
Cd86,Itga9
Dmp1,Cd22
Pdgfa,Npffr2
Mmp2,Notch1
Ucn2,Npr1
Sema6c,Npr1
Nrg1,Nrxn3
Il4,Traf2
Hc,Itga3
Efnb3,Nrcam
Npnt,Nrp2
Il1a,Il22ra1
Tgfb1,Igf2r
Apoc1,Rxfp4
Tnfsf4,Nrxn2
Fga,Ldlr
Wnt3a,Tgfbr1
Lgals3,Gp1ba
Gdf2,Ntrk1
Lgals8,Sdc2
Cort,Gpr35
Il16,Tnfrsf17
Il5,Ghrhr
Uts2,Ptgdr
Spink1,Ackr1
Il5,Ifngr2
Osm,Igf1r
Col3a1,Nrxn1
App,Glp1r
F9,Klb
Osm,Plaur
Cntn6,Scn5a
Fgf3,Scn5a
Tnfsf13,Tnfrsf11a
Slit3,Nrcam
Sema5a,Ptprb
Gdnf,Insrr
Eda,Itga3
F8,Notch2
Hbegf,Scarf1
Slit3,Itgal
Npvf,S1pr2
Fgg,Cav1
Ptgs2,Kcnn4
Hmgb1,Agtr1b
Shh,Fzd7
Cx3cl1,Pth1r
Scgb1a1,Npffr1
Calr,Itga4
Wnt2,Cav1
Adam12,Tek
Icam5,Tlr4
Fgf11,Cntn1
Nrg4,Nrp1
Lgals8,Epha8
Col1a1,Nrp2
Npy,Lgr4
Npb,Kit
Ccl7,Oprm1
Ceacam16,Il22ra1
Col1a2,Plxna2
Gal,Aqp2
Hspa1b,Tlr9
Ucn2,Xcr1
Clcf1,Mst1r
Pltp,Nrxn1
Sftpd,Bmpr2
Fgf12,Igf1r
Vegfd,Erbb4
Pomc,Aplnr
Icam1,Nrxn3
Gdf3,Ldlr
Npy,Gpr35
Pltp,Scarb2
Gnrh1,Ptgdr
Gdf7,Ldlr
Cd34,Tnfrsf13b
Ccl22,P2rx7
Gdf15,Itgb2
Nxph3,Kcnj6
Gdf15,Pgr
Ntng1,Il6st
Rtn3,Cntn1
Bmp6,Vldlr
Tgfa,Sell
Cxcl12,Ddr2
Ucn,Ackr2
Adam10,Fgfr4
Thbs1,Lrp8
Nxph2,Erbb4
Sftpa1,Lrp1
Sema6d,Stab2
Wnt7b,Kcnq3
Wnt4,Fgfr2
Hsp90b1,Plxna1
Vcan,Gpc1
Ccl5,Il17rc
Col4a4,Nrxn2
Mmp7,Kcnj6
Ccl28,Ccr7
Ccn2,Lrp8
Egf,Cd9
Efna2,Sdc2
Iapp,Pth2r
Psen1,Kdr
Hcrt,Npy2r
Omg,Ptprz1
Rgma,Nrxn1
Vcam1,Mcam
C3,Ptprz1
Spp1,Ccbe1
Tac1,Oprd1
Pdyn,Ghsr
Sema3c,Adra2b
Pdgfb,Egfr
Ihh,Ptprm
Hbegf,Bmpr1a
Pomc,Oprk1
Apoe,Ephb6
Lamb1,Itga7
Spint1,Itgb6
Vegfc,Klb
Scgb1a1,Oprd1
Spink1,Calcrl
Cxcl17,Ccr2
Jag1,Itga7
Crh,Gpr35
Il16,Ldlr
Gpc3,Cd47
Ghrl,Sstr4
Adam17,Tnfrsf18
Dkk2,Sdc4
Shh,St14
Cubn,Lrp1
Ucn2,Pth1r
Angpt4,Ptprb
Cd86,Itga8
Ctsd,Plaur
Efna3,Fzd8
Ahsg,Erbb3
Mstn,Ephb1
Sema3a,Nrxn2
F9,Plaur
L1cam,Notch3
Wnt9b,Tgfbr1
Bmp15,Klb
Apoa1,Itga4
Ceacam1,Itga8
Cntn2,Cd93
Sst,Gpr17
Ccl3,Cxcr5
Rln3,Adora2b
Adam10,Sorcs2
Pdgfb,Nrxn3
Gal,Mc5r
Gdf15,Nrxn2
Prl8a6,Itgb2
Efna2,Klb
Tfpi,Fgfr2
Adam12,Erbb4
Jam2,Ngfr
Gnas,Bcam
Rspo4,Fgfr2
App,Robo3
Gdf10,Ccbe1
Lgals8,Sorcs2
Fgf9,Klb
Fgf2,Tlr1
Pyy,Npy2r
Col2a1,Notch4
Dmp1,Itgam
Pomc,Cxcr2
Thbs2,Itga7
Amh,Axl
Ptgs2,Mip
Eda,Insrr
Oxt,Adora2b
Mmp13,Klb
Tnfsf9,Adcy8
Cel,Robo2
Adam17,Il6ra
Spon1,Igf2r
Prg4,Sell
Sftpa1,Ntrk1
Comp,Erbb2
Tnfsf4,Itgb2
Pyy,Crhr2
Adam2,Igf2r
Ccl21a,Ccr5
Il16,Muc6
Tnfsf11,Tnfrsf1a
Ccl2,Aplnr
Calm1,Glp1r
Cx3cl1,Mag
Spink1,Cxcr3
Il31,Il22ra1
Cxcl17,Ccr10
Wnt7b,Cd200r2
Sema3d,Muc6
Col1a2,Bmpr2
Pcsk9,Mag
Adipoq,Sdc1
Vegfd,Itgam
Ccl4,Gipr
Hcrt,Rxfp4
Tac4,Prokr1
Hbegf,Klb
Cxcl12,Tlr4
Insl5,Prokr2
Vegfa,Rxfp1
Pltp,Nrxn2
Wnt5a,Igf1r
Cxcl3,Ackr4
Pros1,Itgal
Ngf,Mc3r
Nts,Selp
Fn1,Axl
Hc,Ror2
Pyy,Gucy2c
Areg,Tnfrsf17
App,Crhr1
Ccl21a,Oprk1
Madcam1,Selp
Tnfsf14,Il27ra
Sema3f,Epha8
Gnb3,Erbb4
Cxcl13,Mpl
Ceacam16,Itga9
Hrg,Itgav
Fgf9,Nrxn3
Ghrl,Tradd
Fgg,Fgfr2
Tac2,Fzd2
Adam10,Cd36
Sema6d,Lrp8
Postn,Cntn1
Ahsg,Lrp2
Gdf9,Pdgfra
Gdf7,Fgfr2
Slit2,Adcy8
Grp,Ackr1
Apoc1,Prokr2
Jam2,Tnfrsf17
S100a4,Nrp1
Il16,Crlf2
Il23a,Klb
Cxcl1,Oprm1
Wnt9a,Fzd2
Adam17,Axl
Col18a1,Muc6
Il27,Ephb3
Npy,Ccr2
Col4a1,Pparg
Tac4,Lrp4
C3,Edar
Tcn2,Ros1
Vcl,Erbb3
Prl8a2,Fas
Shh,Cd9
Hsp90b1,Insr
Mmp2,Fzd7
Gnb1,Insr
Adam9,Mcam
L1cam,Itga3
C1qtnf5,Tnfrsf9
Ntn1,Sdc1
Gdf3,Gpc1
Adam10,Scn4a
Adamts3,Lrp2
Fga,Flt4
Gdf7,Lrp4
Reln,Fzd8
Fgf5,Pdgfrb
Calr,Notch2
Slit3,Nrp2
Fgf9,Igf1r
Fasl,Tnfrsf11b
Amh,Flrt2
F2,Lrp4
Cdh1,Igf2r
Bdnf,Cd200r1
Lif,Klb
Podxl2,Nrxn3
Cp,Bcam
Cxcl12,Ccr7
Bmp5,Il1rl2
Pthlh,Gipr
Fgf4,Klb
a,Ldlr
Osm,Klb
Cp,Itga2b
Vwf,Klrg1
Npb,Sirpa
Il5,Lpar1
Vip,Ptgdr
Npy,Ccr3
Grp,Cxcr2
Slit1,Notch4
Tnc,Fgfr2
Sema4a,Erbb4
Rtn4,Itgb8
Ghrl,Prokr2
Ucn2,Calcr
Col18a1,Kcnj6
Lman1,Ldlr
Ghrl,Tspan12
Ntng1,Itgb3
Vegfc,Lrp4
Il25,Prlr
Tnfsf15,Il6st
Shh,Epha4
S100b,Hmmr
Fbn1,Npr1
Slit1,Lrp8
Gdf5,Fgfr2
Rtn4,Mag
Gnb1,Sell
Afdn,Kremen2
Angpt4,Klrg1
Slit2,Mcam
Mfge8,Il6st
Lman1,Sdc2
Wnt9b,Alk
App,C5ar2
Adam15,Sdc4
Thbs1,St14
Nts,Cd200r1
Vegfb,Nrp2
Nts,Il22ra1
Tdgf1,Scarb1
Reln,St14
Nmu,Hcrtr2
Ccl26,Tacr1
Vip,Agtr1b
Hsp90aa1,Ldlr
Dscam,Erbb2
Adam12,Notch1
C3,Tnfrsf18
Pltp,Cd36
Thbs2,Itga8
S100a1,Tnfrsf1a
Tgfb2,Plaur
Col4a1,Itga1
Adam10,Epha6
Grn,Mcfd2
Agtrap,Ccbe1
Hbegf,Itga2
Vcam1,Notch1
Slit1,Itga7
Lman1,Cntn1
Vim,Plgrkt
Tac1,Gfra1
Xcl1,Traf2
Proc,Gp1ba
Prlh,Agr2
Pdyn,Npy6r
Hcrt,Oprd1
Gdf10,Cntn1
Col4a6,Ldlr
Tac1,Gpr3
Gdf10,Klb
Inhbb,Fzd7
Tnfsf9,Gp1bb
Lama5,Itgb1
Plau,Nrcam
Proc,Ptprj
Ccl21b,Ghsr
Ghrl,Htr2a
Avp,Mip
Clec4g,Itga4
L1cam,Mcfd2
Calml3,Axl
Col3a1,Plxna2
Fgf3,Npr1
Ahsg,Muc6
Egf,Sdc3
Bmp15,Itgb1
Ccn2,Bmpr2
Rgma,Epha6
Prlh,Npr1
Wnt8b,Fgfr4
Wnt3,Bmpr1b
Shank3,Cntn1
Col4a6,Hmmr
Artn,Tnfrsf1a
Il1b,Tnfrsf17
Rln3,Calcr
Tcn2,Igf1r
Uts2,Aplnr
Col4a1,Itgb6
Fgf13,Igf1r
Il21,Oprm1
Dll1,Thbd
Pros1,Adcy8
Plau,Nrp2
Lama4,Notch1
Kitl,Tacr1
Cntn6,Notch2
Tgfb1,Acvr1
Ptpn11,Plxnb1
Psen1,Klb
Bmp8a,Notch1
Postn,Erbb4
Icam1,Nrp2
Pdcd1lg2,Adora2b
Col18a1,Cd93
Il4,Itga5
Pcsk9,Axl
Col1a1,Itgb7
Clcf1,Mrc2
Cdh1,Cd47
Tnfsf11,Ptprb
Col4a2,Lrp1b
Artn,Il27ra
Ihh,Gpc6
Dkk2,Ldlr
Col2a1,Notch2
Apoc1,Ednra
Reln,Robo3
Sema4g,Insr
Shank3,Mag
Pros1,Rxfp1
Rln3,Ccr1
Il16,Gpr151
Xcl1,Cx3cr1
Afdn,Cd93
Cx3cl1,Axl
Bmp2,Cav1
Csf2,Ghrhr
Bgn,Gfral
Lama1,Npr1
Vim,Gfral
F9,Itgb1
Pdgfb,Fzd7
Pomc,Sstr1
Fgf16,Ptprb
Il4,Ghr
Pth,Ackr2
Bmp8a,Cntn1
Rspo2,Pth2r
Tnc,Col13a1
Mmp14,Tlr2
Ihh,Tlr9
Clec4g,Tek
Adam15,Mag
Cxcl12,Npr3
Pdgfd,Igf1r
Sema3c,Robo3
Bmp8a,Ntrk1
Egfl7,Npr1
Edn1,Prokr1
Calr,Notch1
Cxcl12,Lingo1
Wnt10b,Ldlr
Sema6d,Ncstn
Wnt2,Fgfr3
Fga,Fgfr2
Hsp90aa1,Itgb1
Adam10,Lgr4
Tnfsf11,Il27ra
Wnt5b,Fzd2
Npy,Il17rd
Bgn,Il22ra1
Mmp2,Ldlr
Rspo3,Fzd1
Gdf5,Ephb4
Hsp90aa1,Itgb2
Rtn4,Npr3
Tln1,St14
Selplg,Tlr1
Osm,Ptprb
Hbegf,Cav1
Slit3,Itgb8
Artn,Ngfr
Mstn,Lrp2
Podxl,Osmr
Icam4,Notch1
Slit2,Csf2ra
Vtn,Notch3
Rtn3,Axl
Cxcl16,Itgb1
Gdf5,Celsr3
Clcf1,Csf2rb2
Sytl3,Acvr2b
Jam3,Notch3
Arf6,Sdc2
Ccl1,Xcr1
Hsp90b1,Robo1
Eda,Ptprj
Adipoq,Nptxr
Sema3e,Fgfr2
Draxin,Erbb4
Thbs1,Igf1r
Apoa1,Osmr
Vegfb,Sell
Sema4c,Bmpr2
Col1a2,Selp
Cxcl12,Alox5
Adamts3,Lrp1
Cntf,Ager
Gdnf,Gfral
Edn1,Grin2c
Ngf,Klrg1
Il1f9,Ptprj
Nodal,Tgfbr1
Lama2,Ptprs
Grn,Lrp1
Lgals8,Lrp2
Icam5,Bcam
Kitl,Il17ra
Lgals3,Ramp1
Eda,Il22ra1
Hc,Epha4
Srpx2,Cd40
Bsg,Itgb8
Gh,Il22ra1
Mstn,Gfral
Pgf,Tlr4
F2,Scarf1
Cxcl9,Gipr
Pth,Cmklr1
Adam12,Fgfr2
Ccl25,Cmklr1
Ccl5,Ackr3
Clcf1,Traf2
Slit1,Flt1
Igfbp5,Fzd2
Adm2,Glp1r
Tnc,Epha1
Rspo1,Agtr1a
Apoc3,Fgfr2
Gdf10,Cav1
Gnb1,Sdc3
Sema4g,Sdc4
Cdh1,Ncstn
Ihh,Bcam
Dll1,Itga1
Plau,Ephb6
Col4a6,Lrp2
Dkk1,Pth1r
Ctsd,Nrxn2
Kitl,Ackr1
Ucn2,Glp2r
Pon2,Nrp2
Bsg,Itgb6
Adam15,Cntn1
Nrtn,Plaur
Apoa1,Sell
Mmp12,Nrp1
Afdn,Gfral
Psen2,Thbd
Postn,Klb
Gdf15,Erbb3
Wnt7b,F2rl1
Ccl9,Cxcr1
Tac2,Gnrhr
Ccl17,Nmbr
Tslp,Tacr1
Edn3,Lrp4
Lin7c,Lrp4
Lefty2,Bmpr1a
Hrg,Lrp2
Tac2,Lpar1
Il16,Insr
Nps,Npbwr1
Apela,Ccr3
C3,St14
Hbegf,Itga6
Cxcl1,Ccr3
Adam17,Tyrobp
Il1a,Il2rb
Agrp,Avpr2
Alkal2,Ptprj
Rbp3,Itgav
Gnrh1,Ghsr
Sytl3,Ephb6
Sema4d,Erbb3
Cd160,Fcgr1
Rspo2,Fgfr2
Icam5,Robo2
Sema6d,Gp1ba
Rspo2,Unc5d
Ucn2,Cd74
Lamb1,Sdc4
Efnb3,Erbb2
Ccl7,Galr2
Prnd,Muc6
Mmp12,Erbb4
Nmb,Adora2b
Psen2,Nrp2
App,F2rl2
Thbs1,Mag
Calm2,Prokr1
Mdk,Igf1r
Hsp90b1,Fzd8
Oxt,Pth1r
Pf4,Ldlr
Ccl21a,Ccr9
Fgf12,Mrc2
Guca2a,Cxcr2
Cdh1,Lingo1
Fgg,Klb
Iapp,Cnr1
Wnt8a,Nptxr
Tdgf1,Npr1
Anxa1,Muc6
Tac1,Xcr1
Ccl1,Agtr1b
Grp,Calcr
Pltp,Muc6
Iapp,Aplnr
Agrn,Cntn1
Ucn3,Tlr4
Dkk4,Cx3cr1
Il16,C5ar2
Sema4a,Klb
Il21,Cxcr2
Reln,Itga4
Fat4,Stab2
Il13,Ghsr
Tln1,Plxna3
Fgf11,Epha6
Sftpd,Tgfbr1
Sema6c,Notch1
Gdf5,Il27ra
Adam17,Adcy8
Il13,Oprk1
Il17c,Prlr
Apoa1,Erbb3
Clec4g,Plaur
Bmp2,Igf1r
Efnb1,Sdc2
Agrn,Lrp1
Adam10,Lingo1
Psen2,Ptprj
Wnt5b,Fgfr4
Spp1,Kdr
Nptx2,Fzd2
Ihh,Fzd2
Angptl4,Tnfrsf14
Psen2,Ngfr
Cd34,Klb
Efnb1,Cntn1
Afdn,Sdc2
Arf6,Igf2r
Gng11,Lrp2
Tcn2,Epha3
Npvf,Il17rd
Hmgb1,Npr1
Lama5,Mcfd2
Mmp14,Igf1r
Psen1,Nrxn3
Itgb1bp1,Itgb2
Npy,Pth1r
Il5,Pdcd1
Thbs1,Itga8
Ngf,Gcgr
Rarres2,Ccr4
Grn,Fas
Sema6d,Plxna3
Egfl7,Itga3
Agrn,Gpc4
Fgf9,Nrxn2
Ltb,Amhr2
Gh,Selp
Hp,Mertk
S100a4,Flrt3
Vegfa,Gp9
Calm3,Nptxr
Spint1,Mcam
Csf2,Itgb1
Fbn1,Stab2
Sema6c,Itgb3
Rspo2,Fgfr4
Ccl1,Ccr7
Il3,Gfral
Pdgfa,Ccr5
Nrg2,Tgfbr2
Uts2b,Ccr9
Ptpn11,Itga6
Ccn1,Klb
Il2,Il17rb
Mmp14,Plaur
Lgals3,Itgb8
Egf,Tgfbr2
Cd40lg,Ifngr1
Ngf,Tspan14
Tnfsf9,Fas
Egf,Notch3
Fgf8,Epha10
Col4a4,Notch3
Ccl1,Npy2r
Wnt9b,Erbb2
Spon1,Itga9
Tln1,Itgb6
Ceacam16,Itgb1
Calm2,Tlr1
Alkal1,Ptprj
Vegfc,Plxnb1
Adam10,Sdc1
F2,Stab2
Ucn2,Trpv1
Efna3,Sdc3
Efnb1,Pdgfrb
Afdn,Lrp4
Fgf1,Ephb3
Nrg1,Itgb6
Dkk2,Ephb3
Cntn2,Plaur
Ccl2,Gucy2c
Sema4a,Insr
F2,Erbb2
Lgals3,Scarf1
Tdgf1,Sdc3
Adam15,Tgfbr3
Nppa,Lrp2
Shh,Itga2b
Rgma,Cadm1
Pdgfa,Npy6r
Efnb3,Scn5a
Ptgs2,Il17ra
Col18a1,Notch3
Col9a1,Itgb5
Gdf7,Musk
App,St14
Gnb3,Cntn1
Rtn2,Erbb4
Afdn,St14
Cdh1,Mrc2
Ctf1,Notch1
Fat4,Lrp1
Pnoc,Ackr2
Gnrh1,Prokr2
Efna3,Plaur
Draxin,Mrc2
Ihh,Npr1
Cd14,Notch4
Col4a1,Mag
Tnc,Ephb1
Gal,Trpv6
Hsp90aa1,Plxna1
Draxin,Cd22
Spint1,Tecta
Fgf3,Fzd7
Edn1,Nmbr
Il13,Htr6
Ptgs2,Avpr1a
Ghrl,Ramp3
Hsp90b1,Epha6
Gdf5,Lrp1
Lif,Sell
Omg,Itgb1
Efna4,Il17ra
Gnb1,Plaur
Lif,Il27ra
Cd86,Lrp1
Ucn2,Ednra
Bmp2,Erbb2
Il16,Itgb2
Crh,Ednrb
Hcrt,Pth2r
Tnfsf9,Itgb2
Pyy,Pth1r
Slit2,Nrcam
C3,Epha6
Pth,Adora2b
Pltp,Grin2c
Spp1,Il22ra1
Ptgs2,Cd27
Calr,Itga1
Adam10,Robo2
Il5,Rxfp3
Il4,Tek
Bmp8b,Fgfr2
Vim,Muc6
Cd274,Tnfrsf17
Edn1,Ramp2
Ltb,Sirpa
Fgf6,Fzd8
Agrp,Ackr2
Cxcl13,Ccr7
Calm2,Crhr1
Ihh,Grm7
Ntng2,Tnfrsf17
Sema3c,Mag
Tnfsf9,Osmr
Wnt3,Pdgfra
Ceacam16,Spn
Npvf,Vipr2
Ucn3,Rxfp3
Col4a3,Gpc1
Slit2,Epha5
Icam5,Gpc4
Pros1,Sdc4
Ucn3,Kit
Shank3,Cd36
Fyn,Pvr
Tac2,S1pr2
Il15,Mip
Il17b,Ngfr
Ccl11,Cmklr1
Sema7a,Igf2r
Ihh,Aplp2
Ccl1,Adora2b
Tac1,Agr2
Pdgfa,Ptgdr
Psen1,Klrg1
Tln1,Plaur
Lgals8,Scarf1
Agrn,Ccbe1
Oxt,Ccr3
Hp,Tgfbr3
Icam1,Igf2r
Col2a1,Notch3
Thbs2,Itga1
Adam17,Klrg1
Sema3d,Lrp2
Itgb1bp1,Muc6
Rgmb,Igf1r
Reln,Gpc1
Apln,Ccr5
Clec4g,Itgam
Wnt5b,Ephb3
Tgfb3,Itgb3
Npb,Trpv5
Ucn2,Ccr8
Mmp14,Lrp2
Cxcl17,Ccr7
Wnt7b,Acvr1c
Pros1,Lingo1
Pltp,St14
Fgf8,Ccbe1
Gdf10,Cd93
Hsp90aa1,Epha2
Wnt8a,Lrp5
Pdgfb,Ldlr
Npvf,Tlr1
Bmp15,Fgfr2
Ccl17,Kcnj6
Dkk4,Ccr7
F9,Itgam
Prlh,Ackr1
Tctn1,Ifngr1
Col9a2,Itgam
Omg,Gp9
Grn,Plxnb1
Il11,Pdcd1
Hbegf,Itgam
Pnoc,Ackr3
Ccl21b,Pth1r
Agrp,Sirpa
Il17b,Cd200r1
Npy,Ednrb
Cntn2,Notch4
F2,Adcy8
Nrg4,Itgal
Tac2,Crhr1
Il22,Tnfrsf9
Col9a1,Scn5a
Ngf,Il6ra
Ptgs2,Pth2r
Fgf8,Tek
Hsp90aa1,Plxna4
Fgf9,Sdc4
Gnb3,Nrxn2
Inhbc,Bmpr1b
Selplg,Fas
Amh,Npr1
Sema4c,Nrp2
Hspa1b,Thbd
Afdn,Cd46
Egf,Ldlr
Il31,Gfra2
Ccl1,Sstr1
Selplg,Tnfrsf11b
Nts,Il17rb
Grn,Ddr2
Ucn,Ccr3
Shh,Npr2
Col4a3,Thbd
C3,Sdc1
Slit3,Cftr
Nrg4,Kdr
Ceacam16,Scarf1
Lnx2,Erbb3
Vim,Sdc2
Sema6c,Nrxn1
Vwf,Gpr37
Lnx2,Ptprz1
Adam17,Traf2
Tg,Nrxn2
Mmp13,Acvr2a
Rarres2,Ackr2
Hsp90aa1,Vldlr
Wnt8a,Pdgfra
Fgf10,Ackr4
Pomc,Sctr
Gdf2,Musk
Tnfsf4,Ephb3
Ucn3,Ccr9
Il7,Ednra
Dmp1,Gfral
Rtn3,Flrt3
Sema7a,Flt4
C3,Lrp4
Hc,Lrp5
Mmp14,Fzd7
Gal,Htr2a
Efnb2,Nrp2
Slit2,Nrp1
Clec4g,Lrp1
Shh,Gp9
Fgf5,Flt4
Ccl17,Agtr1a
Grn,Kdr
Calm1,Oprd1
Gal,Tlr4
App,Cckbr
Lgals3,Gpc1
Srpx2,Hhip
Col3a1,Erbb2
Lgals8,Fgfr2
Il16,Ptprm
Il17c,Il6st
Omg,Robo2
Hmgb1,Itgb5
Il7,Gpr35
Vegfc,Cd200r2
Tgm2,Lrp1
Thbs1,Sdc4
Il25,Fas
Grn,Gfral
Col18a1,Tlr9
Sema6b,Lingo1
Jag2,Plxnb1
Il27,Osmr
Adam12,Itgb5
Artn,Musk
Npff,Brs3
Ccl5,Trpv1
Hrg,Bmpr2
Sema7a,Itgam
Sct,Il17ra
Lta,Egfr
Thbs2,Ptprj
Calr,Ret
Adam10,Klrb1b
Hsp90b1,Stab2
Pth,Cxcr2
Cd14,Procr
Il7,Il17ra
Cntn6,Nrxn1
Nrg1,Il6st
Rtn4,Tgfbr3
Vasp,Lrp2
Col2a1,Celsr3
Hp,Ccbe1
Ucn2,Ccr9
Gdf5,Fgfrl1
Hcrt,Ccr9
a,Agtr1b
Wnt7b,Epha6
Tnfsf15,Itga2b
Plat,Klb
S100a4,Bcam
Sftpd,Tyro3
Nrg2,Itga6
Afdn,Gpr151
Adam17,Tnfrsf9
Lama1,Ephb3
Nid2,Ptch1
Grn,Cdon
Icam4,Kcnj6
Vwf,Met
Lgals3,Il31ra
Icam5,St14
Sost,Pdgfrb
Icam1,Rtn4r
Tnc,Procr
Reln,Stab2
Ptn,Fgfr2
Agrn,Lingo1
Cd14,Bcam
Tgfb3,Itgb1
Arf6,Lrp2
Lman1,Npr1
Ccl22,Gpr75
Psen2,Itga8
L1cam,Lrp1
Tnfsf9,Vsir
Col9a2,Ptprz1
Psen1,Ngfr
Angpt2,Itgam
Adm2,Mc3r
Pnoc,Gpr35
Gnb5,Sdc2
Efna5,Ldlr
Tgfb1,Pdgfrb
Comp,Npr3
Grp,Ackr3
Agrn,Lrp2
Fgf6,Pdgfrb
Madcam1,Tecta
Sema6c,Plxnb1
Ccl17,Gpr17
Efnb1,Plaur
Gdf10,Lrp5
Npvf,Trpv1
Fgf3,Pdgfrb
Mfge8,Tgfbr3
Avp,Ccr3
Tac1,Tlr1
Il16,Tnfrsf1b
Vcan,Kcnj6
Ccl11,Calcrl
Lama1,Lingo1
Nlgn2,Lrp1
Vim,Il27ra
Gdf5,Lrp5
Slit3,Gfral
Ucn3,Fzd1
Efnb1,Scn5a
Areg,Klb
Omg,Scn5a
Wnt2,Ramp3
Npy,Ramp2
Cxcl12,Lrrc4
Calm3,Pth1r
Anxa1,Tnfrsf13c
Il1a,Fas
Ghrl,Mc3r
Il1a,Glp2r
Spint1,Notch1
F8,Plxnb1
Ihh,Slc22a17
Pltp,Ephb6
Rtn3,Lrp1
Ucn3,Npbwr1
Egfl7,Ret
Adam10,Fzd1
Il4,Zp3r
Inhba,Pdgfrb
Rtn4,Traf2
Nxph3,Il6st
Il27,Erbb4
Pon2,Lrp1
Amh,Cdon
Nodal,Klb
Npb,Crhr2
Slit1,Scarb1
Col4a2,St14
Il15,Cd19
Grn,Cd93
Wnt7b,Epha8
Gng11,Sdc3
Fyn,Fas
Dkk4,Cxcr2
Fgf4,Ccbe1
Col4a6,Bcam
Vtn,Hhip
Il16,Tyrobp
Sema3e,Tlr2
Agrn,Itgb3
App,Flrt3
Tac1,Htr2a
Prl3c1,Erbb4
Adam17,Cr2
Edn1,Rxfp1
Ccl21d,Ccr9
Uts2,Oprm1
Adam10,Ncstn
Plat,Mrc2
Oxt,Crhr2
Wnt8a,Ldlr
App,Cd8a
Tln1,Itgb3
Adam17,Itgam
Fgf2,Epha6
Grn,Rtn4r
Tgfb3,Acvr2a
Cxcl14,Calcrl
Mfap2,Sell
Wnt5b,Ccbe1
Il24,Erbb4
Prl8a6,Lrp1
Shank3,Vldlr
Spink1,Tacr3
Hpx,Cntn1
Sema3c,Adora2b
Agrn,Kdr
Igf1,Fgfr4
Wnt2,Tyro3
Vcan,Itga7
Vegfb,Itga7
Clcf1,Tnfrsf25
Npvf,Ednrb
Apoa1,Itga6
Adam17,Sorcs3
Icam1,Lrp2
Rtn2,Klb
Gdf7,Nrxn2
Adm2,Ednra
Cp,Mag
Ccn1,Il6st
Cxcl1,Ccr4
C3,Mfrp
Il5,Ednrb
Calm2,Ghrhr
Adam10,Lrp8
Nxph3,Itgav
Fn1,Plxna3
Amh,Grin2d
Selplg,Ntrk3
Rbp3,Itgam
Fgf1,Plaur
Col2a1,Nrxn3
Ghrl,Ccr7
Ctsd,Fgfr2
Vwf,Sdc4
Wnt2b,Alk
Lrig1,Ephb3
Lamc2,Mag
Edn2,Ramp2
Ccl3,Ccr9
Cxcl13,Gipr
Gdf3,Mcam
Gdf3,Sdc4
Lgals3,Alox5
Hspa1b,Ephb3
Lin7c,Pdgfrb
Tac2,Ccr9
Csf1,Mag
Crh,Ccr9
Gdf6,Itgav
Dll4,Flt4
Cd86,Nrxn3
Pomc,Lgr4
Efnb1,Erbb2
Wnt11,Fgfr2
Tac1,Ednrb
App,Nrxn1
Areg,Ccbe1
Vegfd,Itgb3
Adam15,Itga6
Il3,Itgb1
Lgals8,Fzd7
Rtn3,Rtn4rl1
Gpc3,Fgfr3
Il15,Mtnr1b
Calr,Npr1
Tnfsf11,Klrg1
Slit2,Ntrk3
Nptx1,Sdc3
Agrp,Acvr2a
Bmp10,Fgfr2
Efnb1,Lrp4
Efnb3,Klb
Ccl21a,Tacr3
Il3,Tlr1
Nts,Mst1r
Ccl24,Cxcr4
Areg,Fgfr3
F2,Fzd8
Areg,Cxadr
Hpx,Plaur
Vip,Avpr2
Nmu,Ifngr1
Adam10,Rxfp1
S100a4,Csf3r
Fgf12,Insr
Cntn6,Nrp2
Npy,Htr6
Vcam1,Erbb2
Lgals3,Lrp1
Reln,Ephb1
Efnb2,Ldlr
Sema5a,Scn4a
App,Cd4
Ptgs2,Crhr1
Cx3cl1,Cnr1
Pgf,Tlr2
Dll3,Cd93
Gnb2,Klb
Icam1,Nrxn2
Csf1,Trpv6
Sema3c,Nrxn2
Wnt7b,Gpr37
Lrig1,Itga9
Angpt4,Plaur
Vwf,Plgrkt
Galp,Ednra
Calm2,Gpr75
Slit3,Itga7
Hmgb1,Fgfr2
Npy,Gfra1
Psap,Plaur
Ccl5,Kcnq1
Adam9,Muc6
Bsg,Notch3
Col18a1,Epha4
Fgf5,Mrc2
Il1f9,Prlr
Npw,Kit
Vwf,Sell
Reln,Rxfp1
Xcl1,Tlr3
Icosl,Il6st
Fgf6,Ccbe1
Shh,Plxna3
Col1a2,Mag
Cel,Ephb3
Afdn,Trpv5
Btc,Itga4
Hmgb1,Lrp4
Tln1,Tyro3
Ccl5,Lpar1
Pomc,Ccr7
C3,Sell
Afdn,P2rx7
Tnfsf10,Notch1
Gal,Atrn
Spp1,Igf2r
Ccl28,Oprd1
Sema6b,Muc6
Ucn2,Trpc5
Afdn,Fcer2a
Gnrh1,Il9r
Cxcl12,Flrt3
Cxcl3,Ccr2
Ghrl,Ccr9
Ptn,Gpihbp1
Mfge8,Insrr
Fgf13,Cntn1
Dll3,Itgav
Retn,Itgb2
App,Cntn1
App,Olr1
Prl8a8,Itgb1
Calm1,Lgr4
Vcan,Col13a1
Il22,Scarf1
Calm1,Crhr2
Afdn,Mc4r
Vim,Il17re
Npff,C5ar2
Tgfb3,Acvr1b
Hsp90b1,Erbb3
Hsp90aa1,Epha6
Calm3,Lgr4
Il5,Glp2r
Il34,Selp
Crh,Gipr
Gdf10,Nrp1
Ucn2,Npy2r
Tnc,Plxna3
Fgf22,Lrp6
Npy,Ccr9
Ucn2,Il9r
Adam10,Ptprb
Il21,Agtr1a
Npnt,Npr3
C3,Traf1
Adam10,P2rx4
Nts,Tectb
Tnfsf9,Sort1
Dmp1,Il6st
Arf6,Il6st
Vegfc,Plxna1
Prg4,Erbb3
Afdn,Fgfr1
Sema3d,Epha8
Sema5a,Plxna3
Il16,Tlr1
Rgma,Npr2
a,Oprm1
Ngf,Ptgdr
Hc,Mag
Col3a1,Npr1
Csf2,Gfra3
Icam4,Osmr
Dll4,Plxna4
Ccl24,Ramp3
Shank3,Flrt3
Wnt5a,Tnfrsf1a
Lamb1,Scn5a
Calm1,F2rl2
Hcrt,Ccr5
Il15,Il1r2
Afdn,Itga2b
Has2,Cd93
Calr,Gfral
Bsg,Lrp1
C3,Rhbdf2
Rspo3,Lrp1
Galp,Ackr3
Gdf10,Bmpr2
Omg,Csf3r
Sftpa1,Fzd8
Xcl1,Ccr3
Pf4,Cxcr1
Psen1,Ddr2
Rgma,Muc6
Igf1,S1pr2
Wnt9b,Musk
Rspo2,Rxfp3
Ihh,Ephb4
Fgf3,Ephb1
Wnt11,Fzd4
Mmp13,Ldlr
Xcl1,Lsr
Edn2,Cmklr1
Wnt8a,Lrp8
Lgals8,Itgam
Anxa1,Cd80
Lin7c,Gpc1
Agrn,Celsr3
Lama2,Itgal
Rgma,Vldlr
Fgf2,P2rx4
Ccl28,Tacr3
Col2a1,Itgal
Inhba,Prlr
Adam17,Ptprb
Ceacam1,Mcfd2
Anxa1,Il20ra
Gdf3,Ptprj
Npnt,Itga7
Dmp1,Cd80
Tac4,Ccr4
Wnt7a,Met
Prok1,Sstr4
Galp,Calcrl
App,Ccr2
Hsp90b1,Lrp8
Bmp4,Prlr
Ccl21d,Dpp4
Areg,Prlr
Angpt4,Sdc2
Slit1,Grin2c
Tcn2,Epha5
Npff,Avpr1b
Vim,Tnfrsf11a
Ntng2,Notch4
Il4,Pgr
Agrn,Nrp1
Npy,Fpr2
Col4a3,Stab2
Cxcl12,Vipr1
Ptgs2,Mpl
Nppc,Ramp2
Pdcd1lg2,Gpr35
Cntn2,St14
Cxcl13,Kcnd2
Apoe,Flrt3
Il3,Sell
Il1f9,Klb
Ngf,Fzd7
Sema5a,Nrxn1
Prl3d3,Cxcr2
Tnfsf13b,Il27ra
Ucn2,Avpr1a
Spint1,Plxna3
Npy,Nmur2
Lgals3,Nrxn1
Ntn1,Epha8
Gdf3,Erbb4
Thbs2,Axl
Afdn,Rtn4r
Cxcl12,Pth1r
Il18,Rack1
S100b,Tgfbr2
Uts2b,Ccr4
Galp,Mas1
Lrig1,Igf2r
Gnai2,Tnfrsf12a
Dkk4,Gipr
F9,Erbb4
Wnt2,Ldlr
Clcf1,Rtn4r
Fgf18,Cntn1
Selplg,Il1r1
Rspo4,Fgfr3
Angptl4,Klb
Pltp,Fzd7
Tnfsf14,Acvr2b
Col8a1,Lrp1
Comp,Insr
Vim,Rtn4r
Vtn,Ntrk3
Gnrh1,Oprm1
Sost,Fgfr2
Il16,Cntn1
Ccl17,Npsr1
Inhbb,Igf2r
Gdf5,Fzd8
Ccl22,Gipr
Wnt2b,Fgfr2
Hspa8,Ptch1
Grn,Scarb1
Ngf,Traf3
Il16,Olr1
Calml3,Npr2
Mfge8,Pdgfra
Cd86,Abca1
Angpt2,Insr
Il1a,Ngfr
Calr,Pdgfra
Bmp4,Itgb3
Lama2,Notch3
Nrg2,Plxna3
Pth,Kit
F2,Ramp2
Nlgn2,Itgb3
Col4a2,Sdc4
Sema6a,Trem2
Psen2,Tlr2
Hsp90aa1,Epha7
Angpt2,Tgfbr3
Pros1,Tnfrsf11a
Il16,Nrp2
Npb,Il10rb
Artn,Bmpr1b
Fat4,Notch1
Arf6,Egfr
Hp,Fzd2
Lrig1,Igf1r
Edn2,Cxcr3
Wnt11,Lrp4
Cd40lg,Erbb4
Slit3,Cd9
Cx3cl1,Oprl1
Anxa1,Tek
Nrg4,Plxnb2
Icam4,Ngfr
Prlh,Sirpa
Scgb1a1,Ccr5
Npvf,Crhr1
Rspo4,Nrp2
Edn1,Axl
Xcl1,Prlhr
Il4,Cd80
Gdf3,Klb
Adam17,Edar
Ntng1,Itgam
Tcn2,Fgfr2
Lgals3,Ret
Vegfb,Erbb2
Gnai2,Il17ra
Pon2,Nrxn3
Tnfsf10,Itga4
Hspa1b,Itgb3
Cxcl12,Gfra1
Thbs1,Bmpr1a
Pdgfd,Tlr9
Xcl1,Gfra1
Fbn1,Notch3
Gdf2,Bmpr1a
Pltp,Tgfbr2
Efnb3,Ptch1
Il21,Cx3cr1
Sema6d,Fgfr4
Apoa1,Sdc4
Gnas,Itgb3
Sema6c,Mag
Galp,Mpl
Pcsk9,Erbb3
Adam17,Ptgdr
Pros1,Igf2r
Calm2,Calcr
Xcl1,Gfra3
Bdnf,Il17rb
Ucn2,Fpr2
Nptx1,Il6st
Tac4,Ccr3
Ccl12,Calcrl
Apob,Itga1
Plau,Il22ra1
Col3a1,Axl
Ptpn11,Sdc4
a,Ccr3
Tff2,Fgfr2
Ucn2,Ccr1
Zp3,Il6st
Il17c,Egfr
Slit2,Plxna3
Insl3,Tlr4
App,Gp1ba
Wnt11,Itgb3
Lrig1,Sdc4
Pnoc,Npffr2
Il16,Gp9
S100a1,Fzd5
Adm2,Kel
Calml3,Brs3
Bgn,Erbb4
Fgf6,Kcnj6
Gnai2,Klrb1b
Tgfb2,Mst1r
Il1b,Ngfr
Vim,Il20rb
Pf4,Nrxn3
Shank3,Grin2d
Scgb1a1,Pth1r
Il1a,Scarf1
Fn1,Robo2
Apoc3,Insr
Hc,Nrcam
Wnt8b,Epha6
Wnt2b,Celsr3
Ngf,Plaur
Crh,Ccr2
Xcl1,Npy6r
Col18a1,Mag
Cxcl5,Cxcr3
Arf6,Plaur
Madcam1,Tnfrsf1b
App,Itgal
Wnt11,Acvr1c
Pdgfb,Plxna3
Dkk1,Ccr3
Psen1,Trem2
Ccl8,Oprm1
Postn,Nrxn1
Nptx1,Lrrc4c
Il4,Grm4
Bmp2,Pdgfra
Ucn3,Npy1r
Wnt10a,Bmpr1a
Vip,Trpv1
Galp,Agtr1b
Wnt3,Fzd9
Gdnf,Nptxr
Gdf9,Prlr
Nptx2,Bmpr1b
Apob,Axl
Hc,Gpc1
Rtn3,Cd9
Vegfc,Epha1
Nrg3,Tgfbr3
Osm,Tyrobp
Lefty2,Mst1r
Nts,Il5ra
Rspo3,Fgfr2
Hspa8,Cd36
Col9a3,Hmmr
Adam10,Npbwr1
Ccl1,Ccr10
Spon2,Itgam
Npnt,Axl
Lgals8,Bmpr2
Pros1,Epha10
Slit3,Itgb5
Tnfsf9,Tnfrsf1b
Cdh1,Rhbdf2
L1cam,Gp1ba
Ucn3,Galr1
Anxa1,Lrrc4c
Prok2,Mc3r
Ccl1,Tacr2
Il15,Sstr1
Hspg2,Notch1
Cdh1,Plxna1
Bsg,Adcy8
Gcg,Calcr
Ceacam16,Thbd
Lgals8,Sdc1
Tac2,Ackr3
Lgals8,Lrp1
Mdk,Notch3
App,Ntsr1
Tcn2,Epha7
Adam17,Tradd
Gnb4,Itga4
Ccl8,Ccr4
Calr,Ldlr
Pdgfa,Oprm1
Fgf2,Avpr2
Fgf11,Fzd7
Tnfsf15,Vldlr
Cx3cl1,Npr1
Apoc1,Cav1
Areg,Ldlr
Afdn,Epor
C1qtnf5,Sort1
Rbp3,Cntn1
Sema5a,Ptprj
Tac1,Ramp1
Rgma,Plxna4
Col9a3,Flrt3
Apoa1,Tspan17
Tgm2,Plxnb1
Afdn,Avpr2
Sema3c,Epha4
Vcam1,Klb
App,Plxna3
Ntn1,Ptprj
Cxcl1,Ackr2
Ccl5,Kcnn4
Reln,Ddr2
Mstn,Igf2r
Efna3,Tgfbr2
Cxcl12,Notch3
Angpt2,Ngfr
Spint1,Itgb5
Tnfsf10,Sdc2
Adam17,Itga3
Il16,Tyro3
Amh,St14
Lama2,Sell
Ihh,Plxna1
Vcan,Gp1ba
Igf2,Ccbe1
Pdgfb,Nrxn2
Adam17,Ngfr
Col8a1,Notch1
Nrg4,Itgb2
Hc,Sdc4
Fgf9,Nrp2
Npff,Htr6
Ngf,Ror2
Npy,Avpr2
Sema4a,Notch1
Sema3d,Itgb1
Plau,Fgfr3
a,Ednrb
Pmch,Ifngr1
Icam5,Itgb3
Efnb3,Itga8
Col9a3,Cd93
F9,Met
Tdgf1,Cxadr
Arf4,Insr
Fgf3,Cd200r2
Tgm2,Muc6
Efna3,Pdgfrb
Bmp10,Muc6
Shh,Il7r
Tgfb1,Pdgfra
Pros1,St14
Rspo2,Epha6
Hp,Igf1r
Adam12,Axl
Dll1,Itgb3
Mfge8,Prlr
Pyy,Sstr1
Gnrh1,Il10rb
Vtn,Itga9
Izumo1,Erbb4
Nlgn2,Muc6
Ccl12,Cxcr6
Nid2,Itgb7
Gdf15,Npr2
Crh,Oprm1
Gpc3,Cntn1
Plau,Cd47
Csf2,Csf2rb2
Col1a2,Itga7
Sema6b,Bcam
Npnt,Cntn1
Gal,Hcrtr2
Tac4,Cx3cr1
Ntng2,Erbb3
Csf1,Pdgfra
App,Trpv6
Selplg,Ednra
Ccl4,Nmbr
Rgmb,Lrp1
Agrp,Ntrk1
Pdyn,Cxcr2
Ghrl,Fpr2
Rgma,Acvr2b
Edn1,Pth1r
Galp,Pth2r
C3,Egfr
Bdnf,Il2ra
Gdf3,Mst1r
Sema3f,Ldlr
Fgf1,Osmr
Col2a1,Itgb8
Bsg,Adra2b
Bsg,Cd19
Bsg,C3ar1
Rspo3,Nrxn3
Adam10,Il7r
Hsp90aa1,Tnfrsf1a
Postn,Tgfbr3
Sema6d,Tlr2
Mfge8,Ptprb
Lin7c,Neo1
Wnt4,Atrn
Psen2,Itga1
Adipoq,Ramp3
Apoa1,Notch1
Cntn6,Cd9
Clcf1,Ros1
Ucn3,Tacr1
Nmu,Ednra
Nrg4,Itgb6
Tac4,Bmpr2
Wnt5b,Ramp3
Il16,Lgr5
Slit1,Tgfbr3
Rspo3,Fzd5
Col4a6,Epha1
Lgals3,Nrp1
Sema4g,Nrp1
Lama1,Vldlr
Dll1,Cd44
Ntn1,Lrp4
Hc,Lrp4
Il17b,Selp
Ccl5,Pdcd1
Wnt5b,Acvr2b
Fga,Plxna3
Cel,Grin2c
Nxph3,Notch1
Cx3cl1,Gfra1
L1cam,Plxna1
Ifnb1,Il20ra
Lnx2,Tlr9
Plat,Sdc4
Clcf1,Cd200r1
Pomc,P2rx7
Cx3cl1,Glp1r
Rtn3,Nrxn3
Vip,Prokr2
C1qtnf5,Musk
Sema4g,Nrp2
Col18a1,Tlr2
Gnb2,Plaur
Gnai2,Sstr3
Ccl17,Pth1r
Calm3,Rxfp1
Gnas,Lingo1
Ahsg,Nrxn3
Gdnf,Tradd
Bmp10,Klb
Il7,Oprd1
Tnfsf11,Itgal
Fbln1,Plaur
Hp,Epha6
Icam4,Insr
Il22,Tnfrsf14
Ltb,Selp
Afdn,Ryk
Rgma,Tgfbr2
Crh,Oprk1
App,Cd244a
Adam10,Plxna4
Slit2,Lrp8
Rtn4,Kcnj4
Inhbb,Nrxn2
Crh,Smo
Gnb1,Tgfbr2
Calm2,Trpv5
Agt,Lingo1
Ucn3,Gpr3
Tg,Itga2b
Pthlh,Ackr2
Crh,Il10rb
Scgb1a1,Ptgdr
Tnc,Npr1
Nrg3,Selp
Egfl7,Celsr3
Lefty1,Klb
Lgals3,Grin2d
Fgf8,Trem2
Nts,Tnfrsf13b
Angpt4,Ngfr
Hsp90b1,Sorcs3
Wnt10a,Egfr
Ngf,Cd81
Gnai2,Gpr35
Il1f8,Alk
Ccl1,Gpr75
Hc,Sell
Il25,Cd200r1
Il15,Ifngr2
Il4,Il10ra
Ccl21d,Tacr3
Wnt5b,Il1rl2
Vim,Tnfrsf13c
Timp1,Erbb4
Vegfb,Ldlr
Mdk,Pdgfra
Col9a3,Itga1
Ltb,Pdgfrb
Ceacam1,Mst1r
Efna1,Igf2r
Gdf5,Epha4
Postn,Notch3
Hspa1b,Lrp2
Lgals3,Lrp8
Lgals8,Scn5a
Agrp,Ccr3
Fasl,Cav1
Iapp,Agtr1a
Csf1,Nrxn3
Crp,Cd74
Rspo3,Muc6
Lamc2,Sdc4
Nrg2,Itgb5
Tfpi,Pdgfra
Fyn,Il21r
Rtn3,Ptprm
Lamb1,Notch3
a,Bmpr1b
Nptx2,Flt4
Dmp1,Kit
Col3a1,Mcfd2
Gdf15,Sdc1
Nptx1,Egfr
Cxcl12,Cd55
Gdf15,Gp1ba
Il7,Agtr1b
Thbs2,St14
Vip,Kel
Osm,Fgfr2
Lamc2,Itga8
Ccl25,Cxcr5
Calm3,Oprd1
Lnx2,Plxnb2
Calm2,Tacr1
Fgf22,Bmpr1a
Rtn3,Klb
Tnf,Cav1
Cel,Cd200r2
Csf1,Plxnb1
Pcsk9,Sdc4
Wnt5b,Fzd7
Wnt7b,Gp9
Bsg,Kdr
Apob,Lingo1
Fgf8,Itgb2
Nrtn,Fzd3
Wnt9b,Fzd10
Gnai2,Avpr1a
Gdnf,Edar
C3,Scarf1
Slit2,Plxna2
Calr,Cd9
Proc,Il6st
Rgma,Acvrl1
Sema4d,Epha8
Rtn3,Flt4
Gcg,Tspan12
Lif,Tnfrsf17
Iapp,Kcnj6
Gnb3,Itga9
Npvf,Kel
Rtn4,Insrr
Ntn1,Pth1r
Dmp1,Ephb4
Rtn3,Bcam
Pdgfb,Plaur
Cxcl12,Lrp10
Il2,Fzd3
Grp,Ccr9
Fgf9,Itgb2
Sema3e,Cd200r2
Il22,Fas
Col9a2,Erbb3
Fgf14,Ephb4
Il24,Selp
Calr,Itga2b
S100a4,Ly96
Apln,Npsr1
Vim,Mrc2
Pros1,Ephb2
a,Rxfp4
Tgm2,Itga2
Nptx1,Lrp1
Rgmb,Musk
Calm3,Tacr1
Tdgf1,Pdgfra
Il5,Izumo1r
Plg,Ptprj
Tln1,Cdon
Afdn,Cd40
Tac1,Csf2rb
Dmp1,Rack1
Fat4,Plxna4
Sst,Ptger1
Fgf16,Cntn1
Rgma,Met
Calm3,Il17ra
Scgb1a1,Kremen1
Vtn,Lingo1
Sytl3,Cntn1
Shh,Sorcs2
Slit3,Bmpr1a
Uts2b,Ccr8
C1qtnf5,Ephb3
Calm2,Mcfd2
Calm1,Robo1
Trh,Kremen1
Ppbp,Cx3cr1
Col1a2,St14
Cxcl12,Gcgr
Bmp8a,Ddr2
Slit3,Erbb2
Tdgf1,Itga9
Tgfb1,Epha8
Sema4g,Robo2
Ahsg,Nrp2
Gnai2,Ackr4
Il1f6,Igf1r
Lgals3,Plxna3
Arf4,Klb
Sema5a,Axl
Ihh,Gp1ba
Tnfsf8,Scarf1
Il16,Flrt3
Icam4,Nrxn3
Col9a2,Ldlr
Nrg1,Itga3
Prok1,Rxfp3
Draxin,Insrr
Cdh1,St14
Ntng1,Plaur
Tgfb2,Acvr2b
Gnai2,Il2rb
Wnt11,Fzd5
Dscam,Itga8
Lama1,Kdr
Pdgfa,Trpv1
Vwf,Mertk
Crh,Vipr1
Tnc,Cntn1
Flt3l,Prlr
Ccl1,S1pr2
Cfh,Insr
Nps,Oprl1
S100a9,Pparg
Il27,Hmmr
Sema6c,Cntn1
Comp,Thbd
Lgals3,F2rl2
Slit1,Lrp1
Il13,Il17ra
Gnb1,Nrp2
Insl5,Ackr1
Cp,Adcy8
Edn2,Ccr2
Rspo1,Gipr
Calml3,Cav1
Il5,Mip
Prl7a2,Nrp1
Postn,Itgal
Gdf3,Ephb1
Sema3c,Ptprm
Oxt,Cnr1
Il5,Il17rd
Thbs1,Notch1
Ccl21a,S1pr2
Bdnf,Il1r1
Btc,Itga8
Cdh1,Cftr
Lama1,Plxnb1
Uts2b,Cmklr1
Tnfsf9,Lrrc4
Calr,Hhip
Dkk1,Lrp4
Pf4,Cnr1
Lrig1,Nrxn1
Amh,Sdc3
Cel,Npr2
Lep,Sell
Vegfd,Pdgfra
Nptx1,Traf3
Lama5,Nrp1
Clec2d,Ghrhr
Madcam1,Klb
Shank3,Nrp1
Il23a,Prlr
Cxcl3,Ccr4
Gip,Pth1r
Rtn4,Sorcs3
Sema3c,Trpc5
Cxcl13,Dpp4
Postn,Pdgfra
App,Epha2
Podxl2,Scarf1
Fga,Notch2
Cp,Erbb2
Gdnf,Selp
Uts2b,Prokr2
Tac4,Vldlr
Adam10,Cdon
Adam15,Fgfr2
Gnb5,Insr
Lgals3,Gpc6
App,Gp9
Vim,Il6st
Agtrap,Ldlr
Apob,Scn10a
Pcsk9,Plxna1
Npy,Kel
Inhbc,Fgfr2
Ghrl,Il1r1
Il11,Traf1
Sema4d,Klb
Fgf22,Acvr2a
Bmp6,Ccbe1
Adam2,Igf1r
Wnt2,Acvr2a
Has2,Itga8
Prl7a1,Sell
Tfpi,Ldlr
Ccl22,Ccr5
Il16,Pgr
Rtn4,Stab2
Eda,Ngfr
Wnt2,Pdgfrb
Sftpa1,Pdgfrb
Agrp,Pdgfra
Dll4,Sell
Rln3,Tlr4
